"Listing_ID","Brand","Model","Year","Price_AED","Mileage_KM","Fuel","Transmission","City","Listing_Date","Seller_Type","Status"
"CAR-0845","Mercedes-Benz","CLA 250","2016","66500","159556","Petrol","Automatic","Sharjah","2026-01-01","Dealer","Available"
"CAR-0383","Nissan","Altima","2023","AED 46,500","100224","Diesel","Automatic","Abu Dhabi","2026-02-02","Dealer","Available"
"CAR-0125","Lexus","  Lexus   ES 300h  ","2012","39500","226368","Hybrid","Manual","Dubai","2025-02-24","Individual","Available"
"CAR-0931","Mercedes-Benz","CLA 250","2022","105500","167028","Diesel","Manual","Abu Dhabi","2026-06-10","Dealer","Available"
"CAR-0622","Mercedes-Benz","CLA 250","2020","91500","36665","Diesel","Manual","Abu Dhabi","2028-01-20","Dealer","Available"
"CAR-0675","Toyota","Corolla","2023","42000","-100","Petrol","Automatic","Abu Dhabi","2026-02-17","Individual","Available"
"CAR-0571","Mercedes-Benz","CLA 250","2023","109500","107168","Petrol","Automatic","Dubai","2025/05/25","Dealer","Available"
"CAR-0939","Nissan","Altima","2017","29000","158956","Petrol","Manual","Abu Dhabi","2026-07-01","Individual","Available"
"CAR-0072","Kia","Sportage","2012","19500","217479","Petrol","Automatic","  Ajman ","2025-01-05","Dealer","Available"
"CAR-0752","Kia","Sportage","2025","68500","51104","Diesel","Manual","Sharjah","2025-11-27","Dealer","Available"
"CAR-0224","Nisan","CLA 250","2015","65000","20754","Petrol","Manual","Abu Dhabi","2025-12-30","Dealer","Available"
"CAR-0893","Toyota","Camry","2016","38000","72329","Petrol","Automatic","Ajman","2025-01-05","Dealer","Available"
"CAR-0601","Kia","Sportage","2020","52500","182021","Diesel","Manual","Abu Dhabi","2026-13-05","Individual","Available"
"CAR-0348","Toyota","Corolla","2012","15500","51151","petrol ","Automatic","Abu Dhabi","2025-01-19","Individual","Available"
"CAR-0838","Toyota","Corolla","2012","13500","225399","Diesel","Manual","Ajman","2025-03-22","Individual","Available"
"CAR-0869","Nissan","Altima","2019","42000","146133","Diesel","Automatic","Abu Dhabi","2026-08-09","Dealer","Available"
"CAR-0831","Mercedes-Benz","CLA 250","2022","105500","39797","Diesel","Manual","Sharjah","2025-07-30","Dealer","Available"
"CAR-0820","Mercedes-Benz","CLA 250","2024","116500","73912","Petrol","Manual","Sharjah","2025-12-19","Individual","Available"
"CAR-0112","Nissan","Altima","2019","38500","47643","Diesel","  Automatic ","Ajman","2025-07-21","Dealer","Available"
"CAR-0487","Nissan","Altima","2015","12O00","41209","Petrol","Manual","Sharjah","2025-06-15","Individual","Available"
"CAR-0464","Kia","Sportage","2020","55500","54,428 km","Petrol","Manual","Abu Dhabi","2026-07-21","Dealer","Available"
"CAR-0637","Toyota","Corolla","2035","29000","118075","Petrol","Automatic","Ajman","2025-06-03","Dealer","Available"
"CAR-0867","Kia","Sportage","2024","70500","44199","Petrol","Manual","Dubai","2025-06-05","Dealer","Available"
"CAR-0129","Toyota","  Toyota   Corolla  ","2019","32500","203929","Petrol","Manual","Sharjah","2025-04-14","Dealer","Available"
"CAR-0338","Kia","Sportage","2013","27000","34720","Gasoline","Automatic","Sharjah","2026-09-15","Dealer","Available"
"CAR-0085","Toyota","Corolla","2018","34000","93223","Diesel","Automatic","Sharjah","2026-08-14","Dealer","  Available "
"CAR-0128","Toyota","  Toyota   Camry  ","2025","75000","101478","Diesel","Manual","Dubai","2025-01-22","Dealer","Available"
"CAR-0621","Hyundai","Tucson","2013","27500","215300","Diesel","Manual","Sharjah","2028-01-20","Dealer","Available"
"CAR-0761","Toyota","Camry","2012","25500","34060","Petrol","Automatic","Ajman","2025-09-20","Individual","Available"
"CAR-0086","Nissan","Altima","2013","23000","130144","Diesel","Automatic","  Sharjah ","2025-08-04","Dealer","Available"
"CAR-0619","Kia","Sportage","2018","40000","50837","Diesel","Automatic","Dubai","31/02/2026","Dealer","Available"
"CAR-0004","Hyundai","Tucson","2016","37000","","Petrol","Automatic","Ajman","2025-08-02","Individual","Available"
"CAR-0095","Lexus","ES 300h","2025","127000","114441","Hybrid","  Manual ","Sharjah","2026-01-19","Dealer","Available"
"CAR-0711","Toyota","Camry","2016","35000","181831","Petrol","Manual","Abu Dhabi","2025-04-28","Individual","available "
"CAR-0024","Hyundai","Tucson","2024","","212242","Diesel","Manual","Dubai","2026-01-15","Individual","Available"
"CAR-0851","Nissan","Altima","2014","21000","102675","Petrol","Automatic","Ajman","2026-06-25","Individual","Available"
"CAR-0376","Hyundai","Tucson","2020","AED 52,500","164320","Petrol","Manual","Ajman","2025-09-20","Dealer","Available"
"CAR-0875","Mercedes-Benz","CLA 250","2022","102000","157448","Diesel","Manual","Sharjah","2026-06-22","Dealer","Available"
"CAR-0837","Honda","Civic","2014","26000","52069","Petrol","Manual","Abu Dhabi","2026-02-05","Dealer","Available"
"CAR-0447","Kia","Sportage","2025","71500","158,316 km","Petrol","Automatic","Sharjah","2026-07-31","Individual","Available"
"CAR-0750","Toyota","Corolla","2017","32000","176748","Diesel","Manual","Dubai","2026-03-30","Individual","Available"
"CAR-0724","Honda","Civic","2024","51000","198148","Water","Automatic","Ajman","2025-11-18","Individual","Available"
"CAR-0281","Toyota","Camry","2021","59500","46889","Diesel","Automatic","Abudhabi","2025-03-24","Individual","Available"
"CAR-0756","Hyundai","Tucson","2021","52500","144013","Petrol","Manual","Ajman","2026-02-05","Dealer","Available"
"CAR-0529","Nissan","Altima","202O","27500","160709","Petrol","Manual","Sharjah","2025-07-16","Dealer","Available"
"CAR-0650","Toyota","Camry","1890","74500","202392","Diesel","Automatic","Ajman","2026-08-02","Dealer","Available"
"CAR-0308","Nissan","Altima","2019","39000","186387","Diesel","Auto","Dubai","2025-12-14","Individual","Available"
"CAR-0286","Mercedes-Benz","CLA 250","2022","105500","159324","Diesel","Manual","Abudhabi","2025-10-06","Individual","Available"
"CAR-0504","Mercedes-Benz","CLA 250","2014","53000","TBC","Petrol","Manual","Ajman","2025-07-08","Individual","Available"
"CAR-0061","  Mercedes-Benz ","CLA 250","2020","88000","140824","Petrol","Manual","Abu Dhabi","2026-01-03","Individual","Available"
"CAR-0712","Toyota","Camry","2020","57500","170147","Diesel","Manual","Dubai","2026-01-19","Individual","Avail"
"CAR-0789","Honda","Civic","2021","44500","85377","Petrol","Automatic","Sharjah","2026-01-07","Individual","Available"
"CAR-0674","Nissan","Altima","2024","47500","-100","Petrol","Automatic","Ajman","2025-09-05","Dealer","Available"
"CAR-0192","Kia","Sportage","2020","51500","162177","Petrol","Manual","Ajman","2026-06-17","dealer","Available"
"CAR-0703","Nissan","Altima","2020","55000","64575","Diesel","Manual","Abu Dhabi","2025-04-26","Dealer","Available"
"CAR-0073","Toyota","Camry","2023","62000","167060","  Petrol ","Manual","Ajman","2025-03-07","Dealer","Available"
"CAR-0466","Kia","Sportage","2025","72500","154,911 km","Petrol","Automatic","Ajman","2026-08-21","Dealer","Available"
"CAR-0831","Mercedes-Benz","CLA 250","2022","105500","39797","Diesel","Manual","Sharjah","2025-07-30","Dealer","Available"
"CAR-0003","Kia","Sportage","2017","","123138","Diesel","Manual","Ajman","2026-06-13","Dealer","Available"
"CAR-0862","Nissan","Altima","2013","24500","104523","Diesel","Manual","Abu Dhabi","2025-12-28","Dealer","Available"
"CAR-0424","Toyota","Corolla","2016","21,000","60211","Diesel","Manual","Sharjah","2026-08-04","Individual","Available"
"CAR-0456","Lexus","ES 300h","2016","67500","112,606 km","Hybrid","Manual","Abu Dhabi","2025-11-29","Dealer","Available"
"CAR-0127","Nissan","  Nissan   Altima  ","2022","45500","104433","Petrol","Manual","Abu Dhabi","2025-07-10","Individual","Available"
"CAR-0639","Lexus","ES 300h","0","120500","78078","Hybrid","Automatic","Ajman","2026-09-08","Individual","Available"
"CAR-0646","Mercedes-Benz","CLA 250","1890","42500","105445","Petrol","Manual","Sharjah","2025-01-19","Dealer","Available"
"CAR-0452","Kia","Sportage","2022","55000","38,497 km","Petrol","Automatic","Ajman","2025-03-17","Dealer","Available"
"CAR-0807","Toyota","Camry","2019","48000","99555","Petrol","Manual","Dubai","2025-01-19","Dealer","Available"
"CAR-0603","Toyota","Camry","2024","65000","148150","Diesel","Automatic","Abu Dhabi","not recorded","Individual","Available"
"CAR-0304","Lexus","ES 300h","2015","64000","110388","Hybrid","manual ","Dubai","2025-03-26","Individual","Available"
"CAR-0067","Lexus","ES 300h","2022","112000","192860","Hybrid","Manual","Dubai","2026-02-16","Dealer","  Available "
"CAR-0812","Mercedes-Benz","CLA 250","2020","91500","13209","Diesel","Manual","Abu Dhabi","2026-07-30","Dealer","Available"
"CAR-0014","Nissan","Altima","2020","39500","59079","Petrol","Automatic","Dubai","","Individual","Available"
"CAR-0237","Hyndai","Tucson","2023","59000","138288","Diesel","Automatic","Dubai","2025-03-28","Individual","Available"
"CAR-0701","Kia","Sportage","2023","59500","147982","Petrol","Manual","Ajman","2025-08-12","Individual","Pending"
"CAR-0460","Toyota","Camry","2012","28500","8,098 km","Diesel","Manual","Ajman","2026-03-12","Dealer","Available"
"CAR-0500","Nissan","Altima","2016","30500","not recorded","Diesel","Automatic","Dubai","2026-06-16","Dealer","Available"
"CAR-0843","Toyota","Camry","2012","22500","6617","Diesel","Automatic","Abu Dhabi","2026-09-22","Individual","Available"
"CAR-0197","Kia","Sportage","2022","58000","52494","Petrol","Automatic","AJMAN","2025-07-10","Dealer","Available"
"CAR-0725","Honda","Civic","2012","17000","152531","Water","Automatic","Ajman","2026-08-29","Individual","Available"
"CAR-0628","Lexus","ES 300h","2025","125500","155682","Hybrid","Automatic","Ajman","2028-01-20","Dealer","Available"
"CAR-0610","Toyota","Camry","2017","44000","56775","Diesel","Manual","Abu Dhabi","2026-13-05","Dealer","Available"
"CAR-0407","Mercedes-Benz","CLA 250","2012","37,000","115003","Petrol","Manual","Sharjah","2026-03-06","Dealer","Available"
"CAR-0536","Hyundai","Tucson","2014","25000","69581","Petrol","Automatic","Abu Dhabi","08/11/2025","Dealer","Available"
"CAR-0239","Nisan","Corolla","2012","16500","100925","Diesel","Manual","Abu Dhabi","2025-03-12","Individual","Available"
"CAR-0385","Mercedes-Benz","CLA 250","2019","AED 83,500","39711","Petrol","Automatic","Dubai","2026-07-04","Individual","Available"
"CAR-0546","Kia","Sportage","2015","36500","142453","Diesel","Manual","Dubai","18/09/2025","Dealer","Available"
"CAR-0235","Toyta","Civic","2021","42000","140393","Petrol","Automatic","Ajman","2026-05-13","Dealer","Available"
"CAR-0556","Kia","Sportage","2014","31500","129512","Diesel","Automatic","Sharjah","23/12/2025","Individual","Available"
"CAR-0525","Toyota","Corolla","unknown","35000","147335","Diesel","Automatic","Abu Dhabi","2026-04-26","Individual","Available"
"CAR-0064","Toyota","Corolla","2014","17000","169529","  Petrol ","Manual","Dubai","2025-11-29","Dealer","Available"
"CAR-0218","Lexus","ES 300h","2018","81000","230053","Hybrid","Automatic","dubai","2026-09-18","Individual","Available"
"CAR-0166","Toyota","Corolla","2015","26000","135595","Petrol","Manual","Ajman","2026-02-27","Individual","available"
"CAR-0113","Honda","Civic","2020","41000","59686","Diesel","Automatic","Ajman","2026-03-10","Individual","  Available "
"CAR-0709","Toyota","Corolla","2017","55000","92681","Diesel","Manual","Ajman","2025-08-11","Individual","Available"
"CAR-0048","Toyota","Camry","2024","67500","149687","Petrol","Manual","unknown","2025-03-14","Individual","Available"
"CAR-0055","Kia","Sportage","2021","56000","54014","unknown","Manual","Sharjah","2026-03-12","Individual","Available"
"CAR-0913","Mercedes-Benz","CLA 250","2015","58500","30948","Petrol","Manual","Sharjah","2025-01-03","Dealer","Available"
"CAR-0358","Mercedes-Benz","CLA 250","2012","AED 43,000","183248","Petrol","Manual","Ajman","2025-01-07","Dealer","Available"
"CAR-0807","Toyota","Camry","2019","48000","99555","Petrol","Manual","Dubai","2025-01-19","Dealer","Available"
"CAR-0945","Nissan","Altima","2018","34000","164091","Petrol","Manual","Abu Dhabi","2025-06-13","Individual","Available"
"CAR-0808","Nissan","Altima","2023","44000","173624","Diesel","Manual","Sharjah","2026-01-11","Individual","Available"
"CAR-0800","Toyota","Corolla","2018","28000","211231","Diesel","Automatic","Abu Dhabi","2026-03-28","Dealer","Available"
"CAR-0780","Hyundai","Tucson","2019","45500","45900","Diesel","Automatic","Ajman","2025-08-05","Dealer","Available"
"CAR-0897","Toyota","Camry","2019","54000","77982","Petrol","Automatic","Abu Dhabi","2025-09-16","Individual","Available"
"CAR-0794","Toyota","Camry","2014","36000","17232","Petrol","Manual","Abu Dhabi","2025-04-03","Dealer","Available"
"CAR-0842","Lexus","ES 300h","2022","105000","202618","Hybrid","Manual","Abu Dhabi","2025-07-25","Individual","Available"
"CAR-0648","Lexus","ES 300h","0","64000","165299","Hybrid","Automatic","Ajman","2026-03-19","Dealer","Available"
"CAR-0186","Toyota","Camry","2019","55000","45904","Petrol","automatic","Abu Dhabi","2026-07-01","Dealer","Available"
"CAR-0126","Mercedes-Benz","  Mercedes-Benz   CLA 250  ","2023","116500","174358","Diesel","Manual","Sharjah","2025-04-18","Dealer","Available"
"CAR-0380","Nissan","Altima","2012","AED 15,500","6248","Petrol","Manual","Abu Dhabi","2025-02-17","Dealer","Available"
"CAR-0840","Kia","Sportage","2016","40500","188914","Diesel","Manual","Ajman","2026-03-13","Dealer","Available"
"CAR-0805","Nissan","Altima","2023","50000","7494","Petrol","Automatic","Sharjah","2025-04-04","Individual","Available"
"CAR-0576","Nissan","Altima","2020","35500","183609","Diesel","Manual","Ajman","2025/04/21","Dealer","Available"
"CAR-0341","Toyota","Corolla","2013","14000","157806","Gasoline","Automatic","Sharjah","2025-05-19","Individual","Available"
"CAR-0697","Toyota","Corolla","2025","47500","1500000","Petrol","Automatic","Ajman","2026-02-22","Dealer","Available"
"CAR-0848","Lexus","ES 300h","2015","62000","13136","Hybrid","Manual","Abu Dhabi","2025-01-08","Individual","Available"
"CAR-0771","Toyota","Camry","2018","46000","220359","Diesel","Automatic","Dubai","2025-06-07","Dealer","Available"
"CAR-0921","Nissan","Altima","2018","33500","144552","Petrol","Automatic","Abu Dhabi","2026-04-07","Dealer","Available"
"CAR-0481","Nissan","Altima","2024","12O00","94270","Diesel","Automatic","Ajman","2025-02-15","Individual","Available"
"CAR-0811","Hyundai","Tucson","2018","41500","111372","Diesel","Manual","Abu Dhabi","2025-11-04","Individual","Available"
"CAR-0586","Toyota","Camry","2012","27000","83472","Diesel","Manual","Sharjah","2025/03/31","Individual","Available"
"CAR-0311","Nissan","Altima","2012","13000","177355","Petrol","manual ","Dubai","2025-05-13","Dealer","Available"
"CAR-0592","Toyota","Camry","2025","78500","163236","Diesel","Manual","Ajman","2026/05/11","Individual","Available"
"CAR-0501","Hyundai","Tucson","2020","51500","85O00","Diesel","Manual","Sharjah","2026-07-19","Dealer","Available"
"CAR-0661","Kia","Sportage","2015","0","127530","Petrol","Manual","Sharjah","2025-06-12","Individual","Available"
"CAR-0448","Lexus","ES 300h","2012","39500","163,150 km","Hybrid","Manual","Abu Dhabi","2026-05-31","Individual","Available"
"CAR-0825","Kia","Sportage","2025","71000","190974","Diesel","Manual","Sharjah","2025-03-26","Dealer","Available"
"CAR-0534","Mercedes-Benz","CLA 250","2017","77500","63960","Petrol","Manual","Abu Dhabi","11/03/2025","Dealer","Available"
"CAR-0372","Honda","Civic","2021","AED 48,500","92827","Petrol","Automatic","Ajman","2025-04-01","Individual","Available"
"CAR-0633","Toyota","Corolla","0","51500","169341","Petrol","Automatic","Dubai","2025-06-23","Dealer","Available"
"CAR-0640","Mercedes-Benz","CLA 250","0","95500","128141","Petrol","Automatic","Abu Dhabi","2025-01-18","Individual","Available"
"CAR-0492","Toyota","Corolla","2018","34000","not recorded","Petrol","Manual","Sharjah","2025-12-25","Dealer","Available"
"CAR-0422","Honda","Civic","2021","44,500","36918","Petrol","Automatic","Abu Dhabi","2025-02-07","Individual","Available"
"CAR-0216","Honda","Civic","2019","43500","141495","Petrol","Manual","sharjah","2026-03-30","Dealer","Available"
"CAR-0223","Mercedez-Benz","CLA 250","2018","84500","57522","Petrol","Manual","Ajman","2025-07-28","Individual","Available"
"CAR-0580","Kia","Sportage","2013","28500","162699","Petrol","Automatic","Sharjah","2025/10/02","Individual","Available"
"CAR-0018","Nissan","Altima","2020","41500","","Diesel","Automatic","Ajman","2025-06-02","Dealer","Available"
"CAR-0245","Toyta","CLA 250","2023","116000","127148","Petrol","Automatic","Dubai","2026-04-18","Dealer","Available"
"CAR-0299","Lexus","ES 300h","2019","90500","99473","Hybrid","manual ","Sharjah","2026-02-12","Individual","Available"
"CAR-0589","Toyota","Corolla","2022","36500","192051","Diesel","Manual","Abu Dhabi","2025/06/20","Individual","Available"
"CAR-0332","Mercedes-Benz","CLA 250","2020","97500","117433","Gasoline","Manual","Sharjah","2026-08-25","Individual","Available"
"CAR-0759","Nissan","Altima","2015","30000","48797","Petrol","Automatic","Ajman","2026-04-16","Individual","Available"
"CAR-0389","Mercedes-Benz","CLA 250","2025","AED 123,500","155275","Petrol","Manual","Abu Dhabi","2025-04-21","Dealer","Available"
"CAR-0425","Nissan","Altima","2022","46,000","113318","Diesel","Automatic","Sharjah","2025-09-05","Dealer","Available"
"CAR-0575","Lexus","ES 300h","2012","37500","116469","Hybrid","Manual","Abu Dhabi","2025/09/01","Dealer","Available"
"CAR-0013","Mercedes-Benz","CLA 250","2015","56000","133677","Diesel","Automatic","","2025-06-19","Dealer","Available"
"CAR-0602","Toyota","Camry","2021","58500","75427","Diesel","Automatic","Abu Dhabi","31/02/2026","Individual","Available"
"CAR-0669","Kia","Sportage","2021","53500","-25000","Petrol","Automatic","Ajman","2026-06-07","Individual","Available"
"CAR-0279","Toyota","Corolla","2017","23000","212543","Petrol","Manual","Abudhabi","2025-12-18","Dealer","Available"
"CAR-0323","Mercedes-Benz","CLA 250","2017","73500","39737","Gasoline","Manual","Sharjah","2026-02-14","Individual","Available"
"CAR-0035","Mercedes-Benz","CLA 250","2013","49000","99843","Petrol","Automatic","Dubai","","Dealer","Available"
"CAR-0328","Honda","Civic","2023","53500","210969","Gasoline","Automatic","Abu Dhabi","2026-03-01","Dealer","Available"
"CAR-0634","Kia","Sportage","0","50000","225937","Diesel","Automatic","Ajman","2025-01-24","Dealer","Available"
"CAR-0552","Toyota","Corolla","2017","24000","170155","Diesel","Manual","Dubai","08/12/2025","Dealer","Available"
"CAR-0677","Nissan","Altima","2018","31000","-100","Diesel","Automatic","Sharjah","2026-05-04","Dealer","Available"
"CAR-0009","Mercedes-Benz","","2012","36500","217203","Diesel","Automatic","Abu Dhabi","2026-09-04","Individual","Available"
"CAR-0434","Toyota","Corolla","2024","48000","64,801 km","Petrol","Manual","Dubai","2025-04-08","Individual","Available"
"CAR-0824","Hyundai","Tucson","2013","28000","78337","Diesel","Automatic","Ajman","2025-01-28","Dealer","Available"
"CAR-0319","Mercedes-Benz","CLA 250","2016","63500","213799","Petrol","manual ","Dubai","2025-09-14","Individual","Available"
"CAR-0905","Honda","Civic","2022","43500","6859","Petrol","Automatic","Ajman","2026-01-02","Individual","Available"
"CAR-0515","Kia","Sportage","unknown","64000","73940","Petrol","Manual","Sharjah","2026-01-18","Dealer","Available"
"CAR-0507","Hyundai","Tucson","2025","68500","85O00","Diesel","Manual","Dubai","2026-05-27","Dealer","Available"
"CAR-0096","Toyota","  Corolla ","2025","46000","85572","Diesel","Automatic","Dubai","2025-04-12","Dealer","Available"
"CAR-0714","Nissan","Altima","2022","44000","9781","Diesel","Automatic","Abu Dhabi","2026-01-17","Individual","Unknown"
"CAR-0395","Mercedes-Benz","CLA 250","2020","AED 93,500","145751","Petrol","Manual","Ajman","2026-06-12","Dealer","Available"
"CAR-0261","Kia","Sportage","2022","61000","217193","Diesel","Manual","Abudhabi","2026-08-24","Dealer","Available"
"CAR-0155","Lexus","ES 300h","2013","47000","19832","Hybrid","AUTOMATIC","Sharjah","2025-06-16","Dealer","Available"
"CAR-0868","Toyota","Corolla","2012","11000","86107","Petrol","Manual","Abu Dhabi","2025-02-07","Individual","Available"
"CAR-0679","Toyota","Corolla","2014","19000","-25000","Diesel","Automatic","Abu Dhabi","2025-07-21","Dealer","Available"
"CAR-0700","Hyundai","Tucson","2017","34500","1500000","Petrol","Automatic","Sharjah","2025-05-29","Individual","Available"
"CAR-0423","Nissan","Altima","2016","25,000","136798","Diesel","Manual","Ajman","2026-07-05","Dealer","Available"
"CAR-0707","Nissan","Altima","2025","55000","83956","Petrol","Manual","Dubai","2025-05-31","Individual","Available"
"CAR-0354","Hyundai","Tucson","2012","AED 18,000","115562","Petrol","Manual","Ajman","2025-12-15","Dealer","Available"
"CAR-0824","Hyundai","Tucson","2013","28000","78337","Diesel","Automatic","Ajman","2025-01-28","Dealer","Available"
"CAR-0151","Kia","Sportage","2025","71500","206391","Petrol","Automatic","Dubai","2026-06-03","Individual","AVAILABLE"
"CAR-0599","Hyundai","Tucson","2024","61500","148560","Diesel","Automatic","Abu Dhabi","2025/06/24","Dealer","Available"
"CAR-0030","Mercedes-Benz","","2021","99000","115201","Diesel","Automatic","Abu Dhabi","2025-09-22","Individual","Available"
"CAR-0554","Toyota","Camry","2020","59000","206761","Petrol","Automatic","Abu Dhabi","10/06/2026","Individual","Available"
"CAR-0790","Honda","Civic","2019","34500","231808","Diesel","Manual","Dubai","2026-08-03","Individual","Available"
"CAR-0148","Nissan","  Nissan   Altima  ","2020","37500","218200","Diesel","Manual","Dubai","2025-02-06","Individual","Available"
"CAR-0280","Lexus","ES 300h","2024","126500","140598","Hybrid","Manual","Shj","2026-03-21","Individual","Available"
"CAR-0846","Mercedes-Benz","CLA 250","2016","67000","168914","Petrol","Automatic","Abu Dhabi","2026-01-03","Individual","Available"
"CAR-0373","Kia","Sportage","2012","AED 23,500","82497","Petrol","Automatic","Ajman","2025-08-18","Dealer","Available"
"CAR-0027","Lexus","ES 300h","2019","93500","194140","Hybrid","Manual","","2026-07-13","Dealer","Available"
"CAR-0782","Toyota","Corolla","2015","19000","228997","Diesel","Automatic","Sharjah","2025-10-02","Dealer","Available"
"CAR-0230","Hyndai","Corolla","2021","38500","46245","Diesel","Automatic","Abu Dhabi","2026-07-30","Dealer","Available"
"CAR-0802","Honda","Civic","2014","25500","148974","Diesel","Automatic","Dubai","2025-11-01","Dealer","Available"
"CAR-0204","Kia","Sportage","2016","34000","62194","Diesel","manual","Abu Dhabi","2025-11-24","Individual","Available"
"CAR-0626","Toyota","Corolla","2022","36500","91492","Diesel","Automatic","Dubai","2028-01-20","Dealer","Available"
"CAR-0310","Toyota","Camry","2024","73500","233112","Diesel","Auto","Dubai","2026-09-12","Individual","Available"
"CAR-0379","Kia","Sportage","2013","AED 23,000","21336","Petrol","Automatic","Ajman","2026-06-23","Individual","Available"
"CAR-0288","Lexus","ES 300h","2013","51000","193856","Hybrid","Manual","Shj","2025-03-12","Individual","Available"
"CAR-0835","Honda","Civic","2014","25000","182102","Diesel","Manual","Dubai","2025-02-12","Individual","Available"
"CAR-0433","Honda","Civic","2018","35500","38,332 km","Diesel","Automatic","Sharjah","2026-05-30","Individual","Available"
"CAR-0457","Toyota","Corolla","2014","20000","180,060 km","Diesel","Automatic","Dubai","2026-05-08","Dealer","Available"
"CAR-0763","Honda","Civic","2015","29500","33605","Petrol","Manual","Ajman","2026-07-17","Dealer","Available"
"CAR-0671","Lexus","ES 300h","2022","113500","-100","Hybrid","Automatic","Dubai","2025-12-26","Dealer","Available"
"CAR-0703","Kia","Sportage","2012","19500","60327","Petrol","Automatic","Abu Dhabi","2025-05-14","Dealer","SOLD"
"CAR-0512","Lexus","ES 300h","unknown","45500","226004","Hybrid","Manual","Sharjah","2025-04-21","Dealer","Available"
"CAR-0258","Nisan","Sportage","2025","65500","59812","Petrol","Automatic","Sharjah","2025-09-01","Individual","Available"
"CAR-0620","Hyundai","Tucson","2023","60000","206502","Petrol","Manual","Sharjah","not recorded","Dealer","Available"
"CAR-0015","","Sportage","2015","35000","186736","Petrol","Automatic","Ajman","2025-01-31","Dealer","Available"
"CAR-0577","Toyota","Camry","2022","59000","78135","Diesel","Automatic","Dubai","2026/03/25","Dealer","Available"
"CAR-0474","Kia","Sportage","2022","TBC","16074","Petrol","Automatic","Abu Dhabi","2025-07-22","Dealer","Available"
"CAR-0879","Toyota","Camry","2025","78000","50815","Petrol","Manual","Abu Dhabi","2026-09-11","Dealer","Available"
"CAR-0506","Toyota","Corolla","2015","25500","TBC","Diesel","Automatic","Sharjah","2025-04-30","Individual","Available"
"CAR-0631","Honda","Civic","2035","56500","212351","Diesel","Automatic","Dubai","2026-02-21","Individual","Available"
"CAR-0907","Mercedes-Benz","CLA 250","2018","83000","228306","Diesel","Manual","Abu Dhabi","2025-02-08","Dealer","Available"
"CAR-0058","Toyota","Corolla","2018","29000","unknown","Petrol","Automatic","Dubai","2025-07-19","Dealer","Available"
"CAR-0406","Toyota","Camry","2016","35,000","150879","Petrol","Automatic","Ajman","2025-03-18","Dealer","Available"
"CAR-0638","Nissan","Altima","0","37500","170869","Petrol","Automatic","Sharjah","2025-08-12","Individual","Available"
"CAR-0797","Lexus","ES 300h","2019","93500","32372","Hybrid","Automatic","Ajman","2026-04-21","Dealer","Available"
"CAR-0089","Nissan","Altima","2021","42000","108413","Diesel","Automatic","Abu Dhabi","2026-03-18","  Dealer ","Available"
"CAR-0578","Kia","Sportage","2017","37000","194033","Diesel","Automatic","Abu Dhabi","2025/09/28","Dealer","Available"
"CAR-0156","Toyota","Camry","2018","48000","98658","diesel","Manual","Sharjah","2025-01-01","Individual","Available"
"CAR-0300","Honda","Civic","2025","52500","168979","Petrol","Auto","Ajman","2025-11-08","Dealer","Available"
"CAR-0264","Nissan","Altima","2024","55500","11035","Diesel","Manual","Abudhabi","2025-12-11","Dealer","Available"
"CAR-0123","Hyundai","  Hyundai   Tucson  ","2016","33500","103561","Diesel","Manual","Ajman","2026-08-30","Individual","Available"
"CAR-0625","Honda","Civic","2015","31500","222859","Diesel","Automatic","Ajman","2028-01-20","Individual","Available"
"CAR-0818","Nissan","Altima","2022","44000","14079","Petrol","Automatic","Abu Dhabi","2025-03-27","Dealer","Available"
"CAR-0545","Toyota","Camry","2015","34000","144847","Diesel","Automatic","Ajman","07/06/2025","Dealer","Available"
"CAR-0704","Mercedes-Benz","CLA 250","2024","55000","192060","Petrol","Manual","Dubai","2026-04-28","Individual","Available"
"CAR-0670","Nissan","Altima","2021","38500","-100","Petrol","Automatic","Abu Dhabi","2026-06-30","Dealer","Available"
"CAR-0814","Mercedes-Benz","CLA 250","2025","120500","174809","Petrol","Manual","Sharjah","2025-10-28","Dealer","Available"
"CAR-0569","Lexus","ES 300h","2020","96000","159666","Hybrid","Automatic","Abu Dhabi","29/05/2026","Dealer","Available"
"CAR-0293","Toyota","Camry","2018","42500","116180","Diesel","Auto","Dubai","2025-02-01","Dealer","Available"
"CAR-0400","Toyota","Corolla","2021","33,500","158136","Diesel","Automatic","Ajman","2026-05-28","Individual","Available"
"CAR-0518","Lexus","ES 300h","twenty twenty","134500","118356","Hybrid","Automatic","Sharjah","2025-04-10","Individual","Available"
"CAR-0421","Mercedes-Benz","CLA 250","2012","43,500","229638","Petrol","Manual","Abu Dhabi","2025-03-06","Individual","Available"
"CAR-0165","Mercedes-Benz","CLA 250","2014","54500","210734","Diesel","Manual","DUBAI","2026-08-16","Dealer","Available"
"CAR-0177","Toyota","Camry","2023","67500","126640","Petrol","Manual","Ajman","2025-01-10","Individual","AVAILABLE"
"CAR-0356","Honda","Civic","2017","AED 34,500","168697","Diesel","Manual","Sharjah","2025-11-15","Individual","Available"
"CAR-0314","Toyota","Camry","2024","69500","142910","Petrol","Auto","Dubai","2025-03-16","Dealer","Available"
"CAR-0010","Honda","Civic","2019","","141408","Diesel","Manual","Ajman","2026-08-22","Dealer","Available"
"CAR-0445","Hyundai","Tucson","2012","17500","185,707 km","Petrol","Manual","Ajman","2025-05-10","Individual","Available"
"CAR-0596","Toyota","Corolla","2014","17000","154861","Petrol","Automatic","Abu Dhabi","2026/08/27","Dealer","Available"
"CAR-0609","Toyota","Corolla","2025","49500","165519","Petrol","Automatic","Sharjah","not recorded","Dealer","Available"
"CAR-0137","Toyota","  Toyota   Corolla  ","2016","21000","112895","Diesel","Manual","Sharjah","2026-06-23","Dealer","Available"
"CAR-0819","Hyundai","Tucson","2014","30000","205654","Diesel","Automatic","Abu Dhabi","2026-02-06","Individual","Available"
"CAR-0847","Mercedes-Benz","CLA 250","2023","111500","138877","Diesel","Automatic","Dubai","2025-09-29","Individual","Available"
"CAR-0071","Toyota","Corolla","2025","52000","181863","Petrol","Manual","  Abu Dhabi ","2026-05-27","Dealer","Available"
"CAR-0783","Nissan","Altima","2018","35000","225504","Diesel","Automatic","Sharjah","2026-02-14","Individual","Available"
"CAR-0173","Toyota","Camry","2021","54500","173079","Diesel","MANUAL","Dubai","2026-06-16","Dealer","Available"
"CAR-0607","Nissan","Altima","2018","37000","146822","Diesel","Manual","Sharjah","2026-13-05","Individual","Available"
"CAR-0723","Mercedes-Benz","CLA 250","2019","87500","132387","Water","Automatic","Dubai","2026-08-25","Dealer","Available"
"CAR-0087","Hyundai","Tucson","2014","29000","80553","  Diesel ","Automatic","Ajman","2025-03-02","Dealer","Available"
"CAR-0870","Kia","Sportage","2015","32500","156651","Petrol","Automatic","Ajman","2025-08-02","Individual","Available"
"CAR-0225","Hyndai","Altima","2014","19500","203954","Diesel","Automatic","Dubai","2025-05-30","Dealer","Available"
"CAR-0906","Lexus","ES 300h","2018","86000","161694","Hybrid","Manual","Abu Dhabi","2025-04-06","Individual","Available"
"CAR-0882","Honda","Civic","2017","36500","168004","Diesel","Automatic","Abu Dhabi","2025-07-15","Individual","Available"
"CAR-0005","Nissan","Altima","2024","51500","184875","","Automatic","Ajman","2026-04-03","Dealer","Available"
"CAR-0895","Nissan","Altima","2023","51500","159235","Petrol","Manual","Sharjah","2025-10-21","Individual","Available"
"CAR-0306","Mercedes-Benz","CLA 250","2013","48000","86337","Petrol","manual ","Dubai","2025-02-15","Individual","Available"
"CAR-0322","Mercedes-Benz","CLA 250","2017","78000","97282","Diesal","Manual","Abu Dhabi","2026-05-26","Dealer","Available"
"CAR-0479","Nissan","Altima","2012","TBC","166565","Petrol","Manual","Sharjah","2025-10-20","Dealer","Available"
"CAR-0920","Honda","Civic","2016","28500","129634","Petrol","Manual","Abu Dhabi","2025-08-15","Dealer","Available"
"CAR-0262","Kia","Sportage","2015","37500","127041","Petrol","Automatic","Shj","2025-10-06","Individual","Available"
"CAR-0806","Honda","Civic","2023","48000","18452","Petrol","Manual","Abu Dhabi","2025-12-05","Individual","Available"
"CAR-0517","Toyota","Camry","unknown","46000","101834","Diesel","Automatic","Abu Dhabi","2025-08-28","Dealer","Available"
"CAR-0273","Lexus","ES 300h","2022","110000","152416","Hybrid","Manual","Abudhabi","2025-08-20","Individual","Available"
"CAR-0090","Toyota","Camry","2023","63500","178820","Diesel","Automatic","  Abu Dhabi ","2026-08-19","Dealer","Available"
"CAR-0032","Hyundai","Tucson","2016","38000","","Petrol","Manual","Dubai","2025-08-17","Dealer","Available"
"CAR-0097","Toyota","  Corolla ","2014","25000","64696","Diesel","Automatic","Dubai","2025-03-05","Dealer","Available"
"CAR-0267","Mercedes-Benz","CLA 250","2025","129000","190846","Petrol","Automatic","DXB","2026-06-25","Dealer","Available"
"CAR-0248","Nisan","Altima","2019","37500","202888","Diesel","Automatic","Sharjah","2025-09-27","Dealer","Available"
"CAR-0158","Hyundai","Tucson","2018","43500","201657","petrol","Automatic","Dubai","2026-08-19","Dealer","Available"
"CAR-0941","Toyota","Camry","2021","61000","45337","Petrol","Automatic","Abu Dhabi","2025-06-30","Individual","Available"
"CAR-0559","Toyota","Camry","2013","25500","7643","Diesel","Manual","Abu Dhabi","30/09/2025","Dealer","Available"
"CAR-0706","Mercedes-Benz","CLA 250","2015","55000","55863","Petrol","Manual","Sharjah","2026-07-24","Individual","Available"
"CAR-0236","Toyta","CLA 250","2013","50500","46635","Diesel","Manual","Ajman","2026-09-20","Individual","Available"
"CAR-0394","Honda","Civic","2020","AED 40,500","116293","Petrol","Manual","Sharjah","2026-06-13","Dealer","Available"
"CAR-0784","Mercedes-Benz","CLA 250","2014","54000","7401","Diesel","Manual","Abu Dhabi","2026-08-29","Individual","Available"
"CAR-0440","Toyota","Camry","2019","52500","137,627 km","Petrol","Automatic","Ajman","2025-04-27","Individual","Available"
"CAR-0636","Kia","Sportage","2035","63500","170762","Petrol","Automatic","Sharjah","2025-11-03","Individual","Available"
"CAR-0706","Nissan","Altima","2012","17000","94895","Petrol","Automatic","Dubai","2026-07-15","Dealer","Pending"
"CAR-0511","Mercedes-Benz","CLA 250","twenty twenty","51500","12861","Diesel","Manual","Dubai","2026-05-06","Dealer","Available"
"CAR-0805","Nissan","Altima","2023","50000","7494","Petrol","Automatic","Sharjah","2025-04-04","Individual","Available"
"CAR-0555","Mercedes-Benz","CLA 250","2025","127000","21552","Petrol","Manual","Abu Dhabi","26/08/2025","Individual","Available"
"CAR-0698","Honda","Civic","2012","19500","1500000","Diesel","Automatic","Ajman","2026-01-10","Individual","Available"
"CAR-0526","Nissan","Altima","unknown","29500","68080","Petrol","Manual","Ajman","2025-03-06","Dealer","Available"
"CAR-0695","Honda","Civic","2016","33000","1500000","Petrol","Automatic","Dubai","2026-03-20","Dealer","Available"
"CAR-0135","Toyota","  Toyota   Corolla  ","2017","32000","13030","Petrol","Manual","Sharjah","2025-01-24","Individual","Available"
"CAR-0053","Mercedes-Benz","CLA 250","2019","   ","225398","Petrol","Automatic","Dubai","2025-04-07","Dealer","Available"
"CAR-0116","Honda","Civic","2022","48500","135294","Petrol","  Automatic ","Abu Dhabi","2026-07-13","Individual","Available"
"CAR-0838","Toyota","Corolla","2012","13500","225399","Diesel","Manual","Ajman","2025-03-22","Individual","Available"
"CAR-0705","Hyundai","Tucson","2024","68500","128340","Petrol","Automatic","Abu Dhabi","2026-03-13","Dealer","Unknown"
"CAR-0221","Toyta","Tucson","2019","48000","42801","Petrol","Manual","Dubai","2026-01-07","Individual","Available"
"CAR-0822","Mercedes-Benz","CLA 250","2016","69000","200745","Diesel","Automatic","Dubai","2025-03-13","Dealer","Available"
"CAR-0757","Lexus","ES 300h","2019","94000","61362","Hybrid","Automatic","Ajman","2025-02-23","Dealer","Available"
"CAR-0600","Toyota","Corolla","2021","35000","11109","Petrol","Manual","Abu Dhabi","2026/03/03","Individual","Available"
"CAR-0944","Mercedes-Benz","CLA 250","2022","106000","110581","Diesel","Manual","Abu Dhabi","2026-09-15","Individual","Available"
"CAR-0858","Hyundai","Tucson","2021","56500","189735","Petrol","Automatic","Abu Dhabi","2025-10-19","Dealer","Available"
"CAR-0866","Honda","Civic","2023","54000","141664","Diesel","Automatic","Dubai","2025-12-06","Dealer","Available"
"CAR-0472","Honda","Civic","2023","forty thousand","78209","Diesel","Manual","Ajman","2025-09-09","Individual","Available"
"CAR-0804","Hyundai","Tucson","2016","32000","223604","Petrol","Manual","Dubai","2026-03-16","Individual","Available"
"CAR-0296","Toyota","Camry","2013","32000","142186","Diesel","Auto","Ajman","2026-06-29","Dealer","Available"
"CAR-0046","Lexus","ES 300h","2025","133500","N/A","Hybrid","Manual","Abu Dhabi","2025-07-04","Dealer","Available"
"CAR-0779","Hyundai","Tucson","2025","63500","142816","Petrol","Automatic","Ajman","2025-12-08","Dealer","Available"
"CAR-0382","Lexus","ES 300h","2022","AED 108,000","12475","Hybrid","Automatic","Abu Dhabi","2025-09-03","Dealer","Available"
"CAR-0170","Nissan","Altima","2016","29500","131919","Diesel","Manual","abu dhabi","2025-08-11","Individual","Available"
"CAR-0520","Toyota","Corolla","unknown","34500","181153","Diesel","Automatic","Sharjah","2026-08-17","Dealer","Available"
"CAR-0226","Toyta","Camry","2014","34500","82134","Petrol","Automatic","Sharjah","2025-02-12","Dealer","Available"
"CAR-0120","Toyota","Corolla","2023","45000","142479","Petrol","Automatic","Sharjah","2025-01-10","Individual","  Available "
"CAR-0657","Toyota","Corolla","2016","0","90272","Diesel","Automatic","Ajman","2025-01-23","Individual","Available"
"CAR-0305","Lexus","ES 300h","2012","45500","137673","Hybrid","Auto","Ajman","2025-11-01","Individual","Available"
"CAR-0591","Hyundai","Tucson","2013","22500","195767","Diesel","Automatic","Dubai","2026/07/05","Dealer","Available"
"CAR-0459","Honda","Civic","2022","43000","31,265 km","Diesel","Automatic","Abu Dhabi","2025-11-05","Dealer","Available"
"CAR-0229","Mercedez-Benz","Corolla","2023","40000","151593","Petrol","Automatic","Sharjah","2026-07-05","Individual","Available"
"CAR-0316","Mercedes-Benz","CLA 250","2025","129500","177091","Petrol","manual ","Ajman","2026-08-09","Dealer","Available"
"CAR-0388","Kia","Sportage","2018","AED 45,000","10091","Diesel","Manual","Sharjah","2026-04-03","Dealer","Available"
"CAR-0772","Hyundai","Tucson","2021","57500","112727","Petrol","Manual","Abu Dhabi","2025-12-28","Dealer","Available"
"CAR-0822","Mercedes-Benz","CLA 250","2016","69000","200745","Diesel","Automatic","Dubai","2025-03-13","Dealer","Available"
"CAR-0688","Hyundai","Tucson","2024","9999999","121234","Diesel","Manual","Sharjah","2026-06-23","Individual","Available"
"CAR-0150","Nissan","  Nissan   Altima  ","2019","37000","101767","Petrol","Automatic","Sharjah","2026-06-23","Dealer","Available"
"CAR-0210","Kia","Sportage","2012","25500","187025","Petrol","Manual","Sharjah","2025-09-23","individual","Available"
"CAR-0817","Mercedes-Benz","CLA 250","2013","50500","181349","Petrol","Automatic","Ajman","2026-03-24","Individual","Available"
"CAR-0702","Toyota","Camry","2012","27000","195134","Diesel","Automatic","Sharjah","2026-04-14","Dealer","Pending"
"CAR-0497","Toyota","Corolla","2019","32500","not recorded","Petrol","Manual","Ajman","2025-06-17","Individual","Available"
"CAR-0572","Mercedes-Benz","CLA 250","2025","122000","97425","Petrol","Automatic","Dubai","2026/01/28","Individual","Available"
"CAR-0209","Toyota","Corolla","2024","50000","10902","Diesel","Automatic","SHARJAH","2025-05-13","Dealer","Available"
"CAR-0099","Toyota","Camry","2019","47000","59867","  Diesel ","Automatic","Sharjah","2025-09-17","Individual","Available"
"CAR-0848","Lexus","ES 300h","2015","62000","13136","Hybrid","Manual","Abu Dhabi","2025-01-08","Individual","Available"
"CAR-0672","Honda","Civic","2018","38000","-100","Diesel","Automatic","Abu Dhabi","2026-04-27","Individual","Available"
"CAR-0720","Honda","Civic","2019","39500","204644","Diesel","Manual","Abu Dhabi","2025-01-21","Individual","Avail"
"CAR-0484","Nissan","Altima","2012","forty thousand","153273","Petrol","Manual","Sharjah","2026-09-08","Dealer","Available"
"CAR-0523","Kia","Sportage","unknown","58500","87110","Petrol","Manual","Dubai","2025-10-31","Individual","Available"
"CAR-0694","Nissan","Altima","2022","44000","1500000","Diesel","Automatic","Sharjah","2025-12-30","Individual","Available"
"CAR-0748","Mercedes-Benz","CLA 250","2019","83000","80218","Petrol","Manual","Ajman","2025-10-26","Individual","Available"
"CAR-0832","Mercedes-Benz","CLA 250","2022","104000","18344","Petrol","Automatic","Dubai","2025-04-20","Dealer","Available"
"CAR-0904","Lexus","ES 300h","2022","105500","9506","Hybrid","Automatic","Sharjah","2025-11-01","Dealer","Available"
"CAR-0357","Nissan","Altima","2023","AED 43,500","229665","Diesel","Automatic","Ajman","2026-03-04","Individual","Available"
"CAR-0196","Toyota","Corolla","2022","39500","216726","Diesel","manual","Ajman","2025-03-30","Individual","Available"
"CAR-0662","Lexus","ES 300h","2019","-15000","101992","Hybrid","Manual","Dubai","2026-05-18","Dealer","Available"
"CAR-0859","Hyundai","Tucson","2013","24500","220702","Diesel","Automatic","Ajman","2026-07-22","Dealer","Available"
"CAR-0744","Toyota","Corolla","2012","16500","69288","Diesel","Automatic","Abu Dhabi","2026-06-20","Individual","Available"
"CAR-0360","Lexus","ES 300h","2013","AED 52,500","26958","Hybrid","Manual","Ajman","2026-02-07","Individual","Available"
"CAR-0579","Lexus","ES 300h","2019","91500","35455","Hybrid","Manual","Abu Dhabi","2025/12/04","Individual","Available"
"CAR-0888","Toyota","Camry","2021","57500","28702","Diesel","Automatic","Ajman","2025-05-25","Individual","Available"
"CAR-0587","Mercedes-Benz","CLA 250","2012","41000","175396","Petrol","Automatic","Sharjah","2025/06/07","Individual","Available"
"CAR-0681","Nissan","Altima","2019","9999999","224029","Petrol","Automatic","Sharjah","2026-07-22","Dealer","Available"
"CAR-0411","Lexus","ES 300h","2025","128,500","208253","Hybrid","Manual","Ajman","2026-05-20","Individual","Available"
"CAR-0465","Lexus","ES 300h","2023","118500","87,774 km","Hybrid","Automatic","Sharjah","2025-05-05","Individual","Available"
"CAR-0103","  Toyota ","Camry","2024","71000","172165","Diesel","Manual","Ajman","2025-12-14","Individual","Available"
"CAR-0133","Kia","  Kia   Sportage  ","2020","46500","234574","Diesel","Manual","Dubai","2025-02-17","Dealer","Available"
"CAR-0138","Lexus","  Lexus   ES 300h  ","2015","67000","100028","Hybrid","Automatic","Abu Dhabi","2025-10-29","Dealer","Available"
"CAR-0887","Kia","Sportage","2025","69000","232403","Petrol","Manual","Ajman","2026-08-31","Individual","Available"
"CAR-0651","Lexus","ES 300h","2023","0","200899","Hybrid","Automatic","Sharjah","2026-05-08","Dealer","Available"
"CAR-0134","Lexus","  Lexus   ES 300h  ","2022","113500","173299","Hybrid","Automatic","Dubai","2025-10-09","Individual","Available"
"CAR-0560","Hyundai","Tucson","2019","47000","167680","Petrol","Automatic","Dubai","23/12/2025","Individual","Available"
"CAR-0045","Hyundai","Tucson","2014","   ","210989","Petrol","Manual","Ajman","2025-05-22","Individual","Available"
"CAR-0144","Mercedes-Benz","  Mercedes-Benz   CLA 250  ","2018","84000","121124","Petrol","Manual","Abu Dhabi","2025-02-17","Individual","Available"
"CAR-0509","Toyota","Camry","2018","46000","TBC","Diesel","Manual","Ajman","2025-05-31","Individual","Available"
"CAR-0295","Lexus","ES 300h","2023","119000","112937","Hybrid","manual ","Ajman","2025-11-23","Dealer","Available"
"CAR-0260","Toyta","CLA 250","2023","111000","174484","Petrol","Manual","Abu Dhabi","2025-11-09","Dealer","Available"
"CAR-0563","Kia","Sportage","2016","39000","9806","Diesel","Manual","Ajman","06/05/2025","Dealer","Available"
"CAR-0011","Toyota","Camry","2020","58500","","Diesel","Automatic","Sharjah","2026-01-31","Dealer","Available"
"CAR-0342","Nissan","Altima","2025","57000","71652","HYBRID","Manual","Abu Dhabi","2026-07-10","Individual","Available"
"CAR-0476","Nissan","Altima","2021","forty thousand","157541","Diesel","Manual","Dubai","2025-07-15","Dealer","Available"
"CAR-0033","Kia","Sportage","2013","22500","225658","","Manual","Abu Dhabi","2025-07-29","Individual","Available"
"CAR-0615","Kia","Sportage","2015","35500","234369","Petrol","Automatic","Abu Dhabi","31/02/2026","Individual","Available"
"CAR-0203","Kia","Sportage","2015","28500","84275","DIESEL","Manual","Ajman","2025-02-21","Dealer","Available"
"CAR-0505","Lexus","ES 300h","2020","98000","not recorded","Hybrid","Manual","Abu Dhabi","2026-06-02","Dealer","Available"
"CAR-0352","Lexus","ES 300h","2019","AED 84,500","143877","Hybrid","Manual","Dubai","2025-08-20","Dealer","Available"
"CAR-0803","Mercedes-Benz","CLA 250","2020","90500","200615","Petrol","Manual","Sharjah","2025-06-08","Dealer","Available"
"CAR-0584","Lexus","ES 300h","2014","58000","223724","Hybrid","Automatic","Sharjah","2025/03/22","Dealer","Available"
"CAR-0458","Hyundai","Tucson","2012","22000","83,699 km","Diesel","Manual","Sharjah","2026-04-19","Dealer","Available"
"CAR-0428","Hyundai","Tucson","2016","39,500","19024","Diesel","Manual","Sharjah","2026-01-04","Individual","Available"
"CAR-0676","Nissan","Altima","2019","37500","-100","Petrol","Manual","Abu Dhabi","2026-06-23","Individual","Available"
"CAR-0212","hyundai","Tucson","2017","40000","177667","Diesel","Manual","Sharjah","2026-03-21","Individual","Available"
"CAR-0415","Lexus","ES 300h","2022","113,500","210548","Hybrid","Manual","Sharjah","2026-04-18","Individual","Available"
"CAR-0582","Mercedes-Benz","CLA 250","2025","129500","184503","Petrol","Automatic","Ajman","2026/02/22","Individual","Available"
"CAR-0207","Toyota","Camry","2024","71500","57753","Petrol","AUTOMATIC","Sharjah","2026-04-30","Individual","Available"
"CAR-0643","Honda","Civic","2035","37000","129656","Diesel","Manual","Dubai","2025-03-18","Individual","Available"
"CAR-0762","Lexus","ES 300h","2012","47000","168672","Hybrid","Automatic","Ajman","2025-02-09","Individual","Available"
"CAR-0680","Toyota","Camry","2019","54500","-100","Diesel","Manual","Sharjah","2026-05-09","Individual","Available"
"CAR-0414","Kia","Sportage","2024","62,500","212943","Petrol","Automatic","Dubai","2025-06-24","Individual","Available"
"CAR-0387","Toyota","Camry","2019","AED 49,500","35576","Petrol","Automatic","Dubai","2025-07-29","Dealer","Available"
"CAR-0371","Lexus","ES 300h","2019","AED 93,000","171938","Hybrid","Automatic","Sharjah","2025-12-09","Individual","Available"
"CAR-0535","Toyota","Camry","2022","65000","120463","Diesel","Manual","Dubai","13/01/2025","Individual","Available"
"CAR-0836","Toyota","Corolla","2019","33500","217138","Diesel","Manual","Abu Dhabi","2026-05-17","Dealer","Available"
"CAR-0850","Kia","Sportage","2020","54000","144943","Petrol","Automatic","Ajman","2025-07-10","Individual","Available"
"CAR-0410","Mercedes-Benz","CLA 250","2013","45,500","30976","Petrol","Manual","Ajman","2026-09-20","Dealer","Available"
"CAR-0808","Nissan","Altima","2023","44000","173624","Diesel","Manual","Sharjah","2026-01-11","Individual","Available"
"CAR-0287","Mercedes-Benz","CLA 250","2019","88500","11805","Petrol","Manual","Abudhabi","2026-08-03","Dealer","Available"
"CAR-0205","Toyota","Corolla","2013","14000","93617","DIESEL","Manual","Ajman","2026-08-09","Dealer","Available"
"CAR-0821","Toyota","Corolla","2023","40500","31746","Diesel","Automatic","Dubai","2025-12-02","Dealer","Available"
"CAR-0252","Nisan","CLA 250","2024","115000","135530","Diesel","Automatic","Ajman","2025-10-05","Dealer","Available"
"CAR-0366","Lexus","ES 300h","2017","AED 73,500","111362","Hybrid","Automatic","Ajman","2026-01-02","Dealer","Available"
"CAR-0249","Mercedez-Benz","CLA 250","2019","81500","57212","Diesel","Automatic","Sharjah","2025-11-03","Individual","Available"
"CAR-0070","Nissan","Altima","2015","23000","158376","  Petrol ","Manual","Dubai","2026-08-06","Dealer","Available"
"CAR-0289","Toyota","Corolla","2023","46500","7084","Petrol","Manual","DXB","2026-03-12","Individual","Available"
"CAR-0374","Honda","Civic","2017","AED 29,000","95653","Petrol","Manual","Dubai","2025-06-06","Dealer","Available"
"CAR-0172","Honda","Civic","2021","43000","166236","petrol","Automatic","Sharjah","2025-08-10","Individual","Available"
"CAR-0108","Toyota","Camry","2017","42000","206919","Petrol","Automatic","Sharjah","2025-06-13","  Dealer ","Available"
"CAR-0770","Toyota","Corolla","2024","47000","178541","Petrol","Automatic","Dubai","2025-01-24","Dealer","Available"
"CAR-0890","Toyota","Corolla","2018","31500","171084","Diesel","Automatic","Sharjah","2025-12-09","Individual","Available"
"CAR-0346","Nissan","Altima","2023","45500","126015","Diesal","Manual","Sharjah","2026-06-02","Dealer","Available"
"CAR-0251","Mercedez-Benz","Sportage","2021","59500","129642","Diesel","Manual","Ajman","2025-06-10","Dealer","Available"
"CAR-0157","Honda","Civic","2024","56500","190493","Diesel","AUTOMATIC","Abu Dhabi","2025-01-27","Individual","Available"
"CAR-0266","Nissan","Altima","2013","16500","57427","Diesel","Automatic","Abudhabi","2025-09-14","Individual","Available"
"CAR-0940","Kia","Sportage","2020","54500","215611","Diesel","Automatic","Sharjah","2025-03-26","Dealer","Available"
"CAR-0083","Hyundai","Tucson","2019","47500","196024","Petrol","Manual","Ajman","2026-07-23","  Dealer ","Available"
"CAR-0673","Honda","Civic","2020","38500","-25000","Petrol","Manual","Ajman","2026-02-18","Dealer","Available"
"CAR-0339","Lexus","ES 300h","2024","121000","223819","Diesal","Automatic","Abu Dhabi","2025-02-04","Individual","Available"
"CAR-0721","Nissan","Altima","2024","48500","228406","Water","Manual","Sharjah","2026-07-26","Individual","Available"
"CAR-0510","Toyota","Camry","2025","77000","85O00","Petrol","Manual","Ajman","2026-04-18","Dealer","Available"
"CAR-0333","Toyota","Camry","2020","59000","26555","Gasoline","Automatic","Ajman","2025-10-04","Individual","Available"
"CAR-0431","Nissan","Altima","2014","24500","52,674 km","Diesel","Manual","Sharjah","2026-03-12","Dealer","Available"
"CAR-0499","Honda","Civic","2023","55500","85O00","Petrol","Automatic","Ajman","2025-01-02","Dealer","Available"
"CAR-0833","Hyundai","Tucson","2019","51500","103154","Diesel","Automatic","Abu Dhabi","2026-08-03","Individual","Available"
"CAR-0485","Toyota","Corolla","2021","12O00","131028","Petrol","Manual","Abu Dhabi","2025-12-28","Individual","Available"
"CAR-0624","Lexus","ES 300h","2019","93000","195730","Hybrid","Automatic","Abu Dhabi","2028-01-20","Individual","Available"
"CAR-0611","Kia","Sportage","2019","48500","196139","Petrol","Automatic","Abu Dhabi","not recorded","Individual","Available"
"CAR-0645","Hyundai","Tucson","0","17500","136625","Petrol","Manual","Abu Dhabi","2026-03-14","Individual","Available"
"CAR-0544","Hyundai","Tucson","2013","30000","171082","Petrol","Automatic","Ajman","24/06/2025","Individual","Available"
"CAR-0396","Toyota","Camry","2015","38,500","232736","Petrol","Automatic","Sharjah","2026-02-21","Dealer","Available"
"CAR-0630","Hyundai","Tucson","2024","67000","95605","Petrol","Manual","Abu Dhabi","2028-01-20","Individual","Available"
"CAR-0023","Toyota","","2017","39500","34249","Petrol","Automatic","Sharjah","2026-03-10","Individual","Available"
"CAR-0232","Mercedez-Benz","Corolla","2016","20500","22415","Diesel","Automatic","Dubai","2026-02-09","Dealer","Available"
"CAR-0180","Mercedes-Benz","CLA 250","2020","97000","58935","Petrol","Automatic","Dubai","2025-09-24","Dealer","available"
"CAR-0367","Toyota","Camry","2018","AED 47,500","215026","Petrol","Automatic","Abu Dhabi","2026-03-02","Dealer","Available"
"CAR-0409","Toyota","Camry","2023","67,500","115403","Diesel","Manual","Dubai","2026-05-03","Dealer","Available"
"CAR-0059","Kia","Sportage","2021","51000","19839","N/A","Automatic","Sharjah","2026-03-23","Individual","Available"
"CAR-0274","Toyota","Corolla","2018","28000","30231","Diesel","Automatic","Abudhabi","2025-08-30","Dealer","Available"
"CAR-0594","Toyota","Camry","2024","74000","163742","Diesel","Manual","Dubai","2025/04/19","Dealer","Available"
"CAR-0943","Toyota","Camry","2020","51000","58890","Diesel","Manual","Dubai","2026-08-01","Dealer","Available"
"CAR-0786","Nissan","Altima","2022","47000","24774","Petrol","Automatic","Ajman","2025-09-18","Dealer","Available"
"CAR-0741","Toyota","Corolla","2013","18000","81264","Diesel","Automatic","Dubai","2025-09-09","Dealer","Available"
"CAR-0143","Nissan","  Nissan   Altima  ","2022","48500","126304","Diesel","Automatic","Sharjah","2026-01-27","Dealer","Available"
"CAR-0730","Kia","Sportage","2023","59000","91209","Water","Automatic","Sharjah","2026-07-13","Individual","Available"
"CAR-0315","Toyota","Corolla","2019","27500","65967","Petrol","MT","Ajman","2025-08-28","Dealer","Available"
"CAR-0912","Mercedes-Benz","CLA 250","2014","54500","203157","Petrol","Manual","Ajman","2025-11-23","Dealer","Available"
"CAR-0798","Kia","Sportage","2024","63000","159712","Diesel","Automatic","Sharjah","2026-04-23","Individual","Available"
"CAR-0257","Nisan","Camry","2025","71000","207161","Diesel","Manual","Dubai","2025-05-06","Individual","Available"
"CAR-0057","Toyota","Corolla","2016","   ","180418","Diesel","Automatic","Dubai","2026-07-18","Dealer","Available"
"CAR-0052","Lexus","ES 300h","2017","71000","197825","Hybrid","Automatic","   ","2026-01-04","Individual","Available"
"CAR-0861","Toyota","Corolla","2020","32500","27305","Diesel","Automatic","Dubai","2025-02-23","Dealer","Available"
"CAR-0444","Kia","Sportage","2013","21000","133,233 km","Petrol","Manual","Ajman","2026-02-15","Individual","Available"
"CAR-0659","Hyundai","Tucson","2019","-15000","133541","Petrol","Automatic","Abu Dhabi","2025-11-19","Dealer","Available"
"CAR-0806","Honda","Civic","2023","48000","18452","Petrol","Manual","Abu Dhabi","2025-12-05","Individual","Available"
"CAR-0244","Toyta","Sportage","2021","57000","98862","Diesel","Manual","Dubai","2025-05-13","Individual","Available"
"CAR-0331","Toyota","Camry","2024","73500","201864","Gasoline","Automatic","Abu Dhabi","2025-04-05","Dealer","Available"
"CAR-0713","Honda","Civic","2016","28000","55003","Petrol","Automatic","Ajman","2026-04-08","Individual","Avail"
"CAR-0726","Hyundai","Tucson","2014","26500","94911","Water","Manual","Sharjah","2026-01-03","Individual","Available"
"CAR-0692","Toyota","Corolla","2024","40500","1500000","Diesel","Automatic","Dubai","2025-11-06","Dealer","Available"
"CAR-0426","Kia","Sportage","2021","55,500","42001","Petrol","Automatic","Sharjah","2025-01-01","Individual","Available"
"CAR-0813","Nissan","Altima","2022","49000","174900","Petrol","Automatic","Ajman","2025-04-20","Individual","Available"
"CAR-0124","Nissan","  Nissan   Altima  ","2022","41000","32493","Diesel","Manual","Sharjah","2025-12-17","Dealer","Available"
"CAR-0404","Lexus","ES 300h","2018","83,000","172722","Hybrid","Manual","Ajman","2025-09-18","Dealer","Available"
"CAR-0084","Lexus","ES 300h","2024","119500","226868","Hybrid","Automatic","Dubai","2026-01-23","Dealer","  Available "
"CAR-0325","Hyundai","Tucson","2025","71500","43346","Gasoline","Manual","Ajman","2025-03-21","Individual","Available"
"CAR-0644","Lexus","ES 300h","0","73500","230568","Hybrid","Manual","Abu Dhabi","2026-05-01","Dealer","Available"
"CAR-0175","Toyota","Corolla","2022","38500","56257","Petrol","Automatic","DUBAI","2025-11-23","Individual","Available"
"CAR-0547","Nissan","Altima","2014","18500","100939","Petrol","Automatic","Abu Dhabi","01/04/2025","Dealer","Available"
"CAR-0847","Mercedes-Benz","CLA 250","2023","111500","138877","Diesel","Automatic","Dubai","2025-09-29","Individual","Available"
"CAR-0849","Lexus","ES 300h","2024","118000","224066","Hybrid","Automatic","Dubai","2025-07-24","Dealer","Available"
"CAR-0028","Kia","Sportage","2020","47000","31701","Diesel","Automatic","Dubai","","Individual","Available"
"CAR-0612","Toyota","Corolla","2018","29000","96558","Diesel","Manual","Ajman","2026-13-05","Dealer","Available"
"CAR-0179","Kia","Sportage","2017","41000","21506","Diesel","Manual","Dubai","2026-03-07","Dealer","AVAILABLE"
"CAR-0718","Lexus","ES 300h","2013","45500","13699","Hybrid","Manual","Sharjah","2025-03-21","Individual","available "
"CAR-0652","Toyota","Camry","2015","0","198143","Petrol","Automatic","Dubai","2025-06-04","Dealer","Available"
"CAR-0549","Lexus","ES 300h","2020","92500","207135","Hybrid","Manual","Sharjah","18/02/2026","Dealer","Available"
"CAR-0146","Mercedes-Benz","  Mercedes-Benz   CLA 250  ","2019","87500","112340","Diesel","Automatic","Abu Dhabi","2025-05-17","Individual","Available"
"CAR-0455","Kia","Sportage","2020","48500","216,802 km","Diesel","Manual","Dubai","2026-01-11","Dealer","Available"
"CAR-0776","Lexus","ES 300h","2025","132000","14864","Hybrid","Automatic","Ajman","2026-04-09","Individual","Available"
"CAR-0174","Hyundai","Tucson","2022","56000","83517","Diesel","Automatic","Sharjah","2025-08-10","Individual","available"
"CAR-0845","Mercedes-Benz","CLA 250","2016","66500","159556","Petrol","Automatic","Sharjah","2026-01-01","Dealer","Available"
"CAR-0829","Honda","Civic","2012","20500","188723","Petrol","Automatic","Ajman","2026-06-14","Individual","Available"
"CAR-0029","","CLA 250","2017","78000","80490","Diesel","Manual","Ajman","2025-06-23","Individual","Available"
"CAR-0449","Toyota","Camry","2017","42000","111,841 km","Diesel","Manual","Dubai","2025-01-20","Dealer","Available"
"CAR-0836","Toyota","Corolla","2019","33500","217138","Diesel","Manual","Abu Dhabi","2026-05-17","Dealer","Available"
"CAR-0519","Honda","Civic","202O","32000","172575","Diesel","Automatic","Ajman","2026-03-14","Individual","Available"
"CAR-0562","Toyota","Corolla","2016","24000","209569","Diesel","Manual","Sharjah","30/05/2025","Dealer","Available"
"CAR-0884","Honda","Civic","2023","53500","222766","Petrol","Automatic","Dubai","2025-03-06","Dealer","Available"
"CAR-0551","Mercedes-Benz","CLA 250","2018","76000","232538","Diesel","Automatic","Dubai","28/12/2025","Dealer","Available"
"CAR-0282","Toyota","Camry","2015","32500","230335","Petrol","Automatic","sharjah ","2026-01-08","Dealer","Available"
"CAR-0082","  Toyota ","Corolla","2012","11000","181663","Petrol","Manual","Dubai","2025-01-15","Individual","Available"
"CAR-0825","Kia","Sportage","2025","71000","190974","Diesel","Manual","Sharjah","2025-03-26","Dealer","Available"
"CAR-0430","Lexus","ES 300h","2012","43,000","122611","Hybrid","Manual","Ajman","2025-10-21","Dealer","Available"
"CAR-0368","Honda","Civic","2025","AED 61,000","45813","Petrol","Automatic","Ajman","2025-08-28","Dealer","Available"
"CAR-0077","Honda","Civic","2020","43500","199858","  Diesel ","Manual","Ajman","2025-01-28","Individual","Available"
"CAR-0708","Kia","Sportage","2013","28000","33910","Diesel","Automatic","Ajman","2025-08-09","Dealer","Pending"
"CAR-0194","Nissan","Altima","2012","16500","114105","Petrol","Manual","Abu Dhabi","2025-09-30","individual","Available"
"CAR-0774","Mercedes-Benz","CLA 250","2022","109000","162245","Diesel","Manual","Sharjah","2026-03-20","Dealer","Available"
"CAR-0716","Mercedes-Benz","CLA 250","2021","94500","95737","Petrol","Manual","Ajman","2025-11-07","Dealer","Avail"
"CAR-0605","Nissan","Altima","2023","52500","45186","Petrol","Automatic","Ajman","31/02/2026","Dealer","Available"
"CAR-0277","Mercedes-Benz","CLA 250","2021","103500","126194","Petrol","Automatic","Shj","2025-02-07","Individual","Available"
"CAR-0131","Honda","  Honda   Civic  ","2012","17500","69275","Petrol","Manual","Ajman","2025-11-23","Individual","Available"
"CAR-0917","Nissan","Altima","2017","34000","183507","Petrol","Automatic","Sharjah","2025-07-10","Individual","Available"
"CAR-0568","Toyota","Camry","2023","66000","25841","Petrol","Automatic","Sharjah","07/02/2025","Individual","Available"
"CAR-0132","Toyota","  Toyota   Corolla  ","2015","22500","137073","Petrol","Manual","Ajman","2025-12-16","Dealer","Available"
"CAR-0656","Honda","Civic","2016","0","124290","Diesel","Automatic","Ajman","2025-08-05","Individual","Available"
"CAR-0792","Hyundai","Tucson","2023","58500","44934","Diesel","Manual","Sharjah","2025-11-26","Dealer","Available"
"CAR-0708","Toyota","Camry","2022","55000","31962","Diesel","Manual","Sharjah","2026-03-13","Dealer","Available"
"CAR-0854","Lexus","ES 300h","2024","122000","223413","Hybrid","Manual","Sharjah","2026-06-19","Dealer","Available"
"CAR-0451","Hyundai","Tucson","2018","42000","78,035 km","Petrol","Automatic","Dubai","2025-03-08","Individual","Available"
"CAR-0364","Hyundai","Tucson","2021","AED 58,000","181474","Diesel","Manual","Sharjah","2026-02-09","Individual","Available"
"CAR-0317","Toyota","Camry","2019","49000","195026","Diesel","manual ","Dubai","2026-07-22","Individual","Available"
"CAR-0898","Toyota","Corolla","2019","29000","179359","Diesel","Automatic","Ajman","2025-04-04","Individual","Available"
"CAR-0852","Lexus","ES 300h","2025","130500","40185","Hybrid","Automatic","Ajman","2025-07-01","Individual","Available"
"CAR-0853","Lexus","ES 300h","2024","122000","148824","Hybrid","Automatic","Sharjah","2025-01-27","Individual","Available"
"CAR-0049","Nissan","Altima","2016","-","50394","Petrol","Manual","Ajman","2026-05-09","Dealer","Available"
"CAR-0883","Hyundai","Tucson","2013","22500","69825","Diesel","Manual","Abu Dhabi","2025-12-04","Dealer","Available"
"CAR-0528","Honda","Civic","202O","29500","187136","Diesel","Manual","Abu Dhabi","2025-12-22","Individual","Available"
"CAR-0482","Kia","Sportage","2016","TBC","128135","Diesel","Automatic","Abu Dhabi","2026-01-07","Individual","Available"
"CAR-0647","Lexus","ES 300h","0","76500","200136","Hybrid","Manual","Ajman","2026-05-02","Dealer","Available"
"CAR-0298","Lexus","ES 300h","2022","109000","134397","Hybrid","MT","Ajman","2026-02-20","Dealer","Available"
"CAR-0558","Honda","Civic","2018","36000","28656","Diesel","Automatic","Sharjah","17/03/2026","Dealer","Available"
"CAR-0524","Nissan","Altima","202O","48000","83992","Diesel","Automatic","Dubai","2025-06-22","Individual","Available"
"CAR-0764","Kia","Sportage","2019","44000","41227","Petrol","Manual","Dubai","2026-01-23","Individual","Available"
"CAR-0813","Nissan","Altima","2022","49000","174900","Petrol","Automatic","Ajman","2025-04-20","Individual","Available"
"CAR-0152","hyundai","Tucson","2019","48000","168986","Petrol","Manual","Abu Dhabi","2025-12-01","Individual","Available"
"CAR-0390","Kia","Sportage","2021","AED 52,000","126122","Petrol","Automatic","Abu Dhabi","2025-01-24","Dealer","Available"
"CAR-0164","Mercedes-Benz","CLA 250","2023","114000","93148","Petrol","Manual","Sharjah","2026-02-21","Dealer","available"
"CAR-0181","Lexus","ES 300h","2023","112500","135700","Hybrid","Automatic","ABU DHABI","2026-07-27","Individual","Available"
"CAR-0334","Honda","Civic","2023","46500","163684","petrol ","Automatic","Ajman","2025-11-01","Individual","Available"
"CAR-0313","Mercedes-Benz","CLA 250","2022","108500","62867","Petrol","Auto","Abu Dhabi","2025-07-05","Dealer","Available"
"CAR-0336","Lexus","ES 300h","2012","37500","172367","Diesal","Manual","Abu Dhabi","2026-01-22","Dealer","Available"
"CAR-0233","Hyndai","ES 300h","2013","46000","102764","Hybrid","Manual","Abu Dhabi","2026-06-16","Dealer","Available"
"CAR-0213","Lexus","ES 300h","2025","126000","215152","Hybrid","Automatic","DUBAI","2025-12-31","Individual","Available"
"CAR-0361","Nissan","Altima","2018","AED 31,000","173220","Diesel","Automatic","Dubai","2025-06-19","Individual","Available"
"CAR-0111","Toyota","Corolla","2025","52000","55761","Diesel","  Automatic ","Abu Dhabi","2025-06-06","Individual","Available"
"CAR-0025","Kia","Sportage","2019","46500","","Diesel","Automatic","Dubai","2025-07-05","Individual","Available"
"CAR-0399","Kia","Sportage","2012","18,500","164802","Petrol","Manual","Sharjah","2026-08-10","Individual","Available"
"CAR-0184","Toyota","Camry","2018","45500","195863","diesel","Manual","Abu Dhabi","2026-08-17","Dealer","Available"
"CAR-0019","Lexus","ES 300h","2023","113000","120580","","Automatic","Abu Dhabi","2025-07-05","Individual","Available"
"CAR-0098","Lexus","ES 300h","2025","128000","186347","Hybrid","Automatic","  Abu Dhabi ","2025-06-23","Individual","Available"
"CAR-0065","Honda","Civic","2021","40500","202165","Diesel","Automatic","  Abu Dhabi ","2025-07-12","Individual","Available"
"CAR-0533","Nissan","Altima","2024","52000","208072","Diesel","Manual","Dubai","06/12/2025","Dealer","Available"
"CAR-0830","Hyundai","Tucson","2021","57000","113919","Diesel","Manual","Ajman","2026-02-24","Individual","Available"
"CAR-0642","Nissan","Altima","1890","25500","106152","Diesel","Manual","Abu Dhabi","2026-06-10","Individual","Available"
"CAR-0351","Kia","Sportage","2020","AED 54,000","63781","Petrol","Automatic","Dubai","2025-07-16","Individual","Available"
"CAR-0707","Toyota","Corolla","2021","39000","85325","Petrol","Manual","Dubai","2026-03-16","Individual","Avail"
"CAR-0307","Kia","Sportage","2018","48000","50328","Diesel","MT","Ajman","2025-05-22","Individual","Available"
"CAR-0946","Toyota","Camry","2014","34500","158389","Petrol","Manual","Dubai","2026-07-11","Dealer","Available"
"CAR-0044","Mercedes-Benz","CLA 250","2018","75500","33308","Petrol","Automatic","N/A","2025-12-15","Dealer","Available"
"CAR-0008","","Sportage","2024","66000","74288","Petrol","Manual","Abu Dhabi","2025-07-20","Individual","Available"
"CAR-0691","Toyota","Camry","2022","62500","1500000","Petrol","Automatic","Sharjah","2025-12-07","Dealer","Available"
"CAR-0588","Toyota","Corolla","2014","25000","38325","Petrol","Manual","Sharjah","2025/01/03","Dealer","Available"
"CAR-0902","Kia","Sportage","2023","63000","90331","Diesel","Automatic","Ajman","2026-02-27","Dealer","Available"
"CAR-0454","Hyundai","Tucson","2013","20500","30,451 km","Petrol","Manual","Sharjah","2026-06-28","Dealer","Available"
"CAR-0329","Honda","Civic","2014","24500","26605","Gasoline","Manual","Dubai","2026-01-24","Dealer","Available"
"CAR-0130","Lexus","  Lexus   ES 300h  ","2016","67000","164556","Hybrid","Manual","Dubai","2025-08-14","Individual","Available"
"CAR-0309","Lexus","ES 300h","2025","131500","162287","Hybrid","manual ","Dubai","2025-05-26","Individual","Available"
"CAR-0191","Toyota","Camry","2013","28000","184803","Petrol","Manual","Dubai","2026-07-15","Dealer","AVAILABLE"
"CAR-0773","Lexus","ES 300h","2016","70000","115420","Hybrid","Automatic","Ajman","2026-02-24","Individual","Available"
"CAR-0815","Toyota","Corolla","2017","27000","21456","Diesel","Automatic","Ajman","2026-04-28","Individual","Available"
"CAR-0350","Toyota","Camry","2019","48000","58067","Gasoline","Manual","Abu Dhabi","2026-02-17","Individual","Available"
"CAR-0717","Honda","Civic","2022","49000","130778","Diesel","Automatic","Dubai","2026-09-16","Individual","available "
"CAR-0121","Hyundai","  Hyundai   Tucson  ","2023","62500","205631","Petrol","Manual","Dubai","2025-12-22","Dealer","Available"
"CAR-0432","Kia","Sportage","2013","30000","139,484 km","Petrol","Automatic","Ajman","2026-01-14","Dealer","Available"
"CAR-0253","Toyta","CLA 250","2022","102500","223494","Diesel","Manual","Dubai","2026-06-14","Dealer","Available"
"CAR-0542","Mercedes-Benz","CLA 250","2021","103000","59181","Petrol","Automatic","Abu Dhabi","10/09/2025","Dealer","Available"
"CAR-0397","Kia","Sportage","2018","41,000","214101","Petrol","Automatic","Sharjah","2025-04-12","Dealer","Available"
"CAR-0039","Nissan","Altima","2019","41500","","Petrol","Manual","Dubai","2025-10-08","Dealer","Available"
"CAR-0110","Toyota","  Camry ","2014","33000","98599","Petrol","Automatic","Abu Dhabi","2026-07-18","Dealer","Available"
"CAR-0068","Nissan","  Altima ","2015","28000","217325","Diesel","Manual","Abu Dhabi","2026-07-15","Dealer","Available"
"CAR-0916","Kia","Sportage","2020","53500","112254","Diesel","Automatic","Ajman","2025-04-21","Dealer","Available"
"CAR-0821","Toyota","Corolla","2023","40500","31746","Diesel","Automatic","Dubai","2025-12-02","Dealer","Available"
"CAR-0276","Kia","Sportage","2022","58000","73135","Diesel","Manual","Shj","2026-01-12","Dealer","Available"
"CAR-0078","Nissan","Altima","2016","31500","219593","Diesel","Automatic","Abu Dhabi","2025-12-06","Dealer","  Available "
"CAR-0268","Lexus","ES 300h","2025","132500","87992","Hybrid","Automatic","Shj","2026-02-03","Individual","Available"
"CAR-0102","Toyota","Camry","2016","41500","163384","Diesel","Manual","  Dubai ","2025-03-15","Individual","Available"
"CAR-0302","Toyota","Corolla","2018","29500","48267","Petrol","Auto","Dubai","2025-08-09","Dealer","Available"
"CAR-0682","Toyota","Camry","2023","9999999","42362","Petrol","Manual","Dubai","2025-07-09","Dealer","Available"
"CAR-0816","Mercedes-Benz","CLA 250","2018","79500","44989","Diesel","Automatic","Ajman","2026-02-08","Individual","Available"
"CAR-0141","Mercedes-Benz","  Mercedes-Benz   CLA 250  ","2012","44500","183355","Petrol","Manual","Ajman","2025-07-30","Dealer","Available"
"CAR-0491","Mercedes-Benz","CLA 250","2012","45500","not recorded","Petrol","Manual","Sharjah","2025-05-15","Individual","Available"
"CAR-0778","Toyota","Corolla","2022","45000","69958","Petrol","Automatic","Abu Dhabi","2026-07-08","Dealer","Available"
"CAR-0553","Nissan","Altima","2018","33000","23546","Diesel","Automatic","Ajman","12/07/2025","Dealer","Available"
"CAR-0835","Honda","Civic","2014","25000","182102","Diesel","Manual","Dubai","2025-02-12","Individual","Available"
"CAR-0050","Toyota","Corolla","2016","25500","-","Petrol","Manual","Ajman","2025-04-20","Dealer","Available"
"CAR-0758","Lexus","ES 300h","2013","53000","94841","Hybrid","Automatic","Ajman","2025-01-07","Dealer","Available"
"CAR-0493","Lexus","ES 300h","2023","112500","TBC","Hybrid","Manual","Sharjah","2026-09-18","Dealer","Available"
"CAR-0896","Toyota","Camry","2020","54500","126139","Diesel","Manual","Sharjah","2026-09-06","Dealer","Available"
"CAR-0066","Toyota","Corolla","2017","31500","173459","Petrol","  Automatic ","Dubai","2025-11-20","Dealer","Available"
"CAR-0886","Lexus","ES 300h","2023","119000","157031","Hybrid","Manual","Sharjah","2026-04-28","Dealer","Available"
"CAR-0219","Toyota","Corolla","2022","42500","217634","Diesel","Automatic","SHARJAH","2025-07-28","Dealer","Available"
"CAR-0641","Hyundai","Tucson","2035","48000","190135","Diesel","Manual","Sharjah","2026-02-26","Dealer","Available"
"CAR-0408","Toyota","Camry","2020","49,500","113847","Diesel","Automatic","Ajman","2026-03-20","Individual","Available"
"CAR-0745","Toyota","Corolla","2012","13000","67718","Diesel","Automatic","Ajman","2025-11-29","Dealer","Available"
"CAR-0321","Kia","Sportage","2020","49000","36433","Gasoline","Automatic","Ajman","2025-04-24","Dealer","Available"
"CAR-0386","Toyota","Camry","2012","AED 23,000","121259","Petrol","Automatic","Sharjah","2026-04-09","Individual","Available"
"CAR-0198","Lexus","ES 300h","2018","79000","60046","Hybrid","Manual","ajman","2026-08-21","Dealer","Available"
"CAR-0417","Toyota","Corolla","2020","34,500","95193","Petrol","Automatic","Abu Dhabi","2026-05-06","Dealer","Available"
"CAR-0140","Toyota","  Toyota   Corolla  ","2015","25500","11168","Petrol","Automatic","Dubai","2026-09-02","Individual","Available"
"CAR-0405","Honda","Civic","2019","35,500","218116","Diesel","Automatic","Dubai","2026-05-30","Individual","Available"
"CAR-0590","Honda","Civic","2024","53000","153691","Diesel","Automatic","Dubai","2025/11/26","Individual","Available"
"CAR-0508","Toyota","Corolla","2023","38500","TBC","Diesel","Manual","Sharjah","2025-10-01","Individual","Available"
"CAR-0450","Honda","Civic","2013","17500","123,863 km","Diesel","Manual","Dubai","2025-08-24","Dealer","Available"
"CAR-0663","Nissan","Altima","2025","-15000","10803","Petrol","Automatic","Ajman","2026-04-06","Dealer","Available"
"CAR-0420","Kia","Sportage","2020","54,000","85216","Diesel","Automatic","Dubai","2025-08-27","Individual","Available"
"CAR-0785","Hyundai","Tucson","2020","48000","28459","Diesel","Manual","Ajman","2025-01-18","Individual","Available"
"CAR-0439","Toyota","Camry","2016","43000","209,306 km","Diesel","Manual","Ajman","2026-05-19","Individual","Available"
"CAR-0696","Lexus","ES 300h","2019","86500","1500000","Hybrid","Automatic","Sharjah","2026-02-02","Dealer","Available"
"CAR-0873","Toyota","Camry","2015","37500","6176","Diesel","Manual","Ajman","2025-08-18","Dealer","Available"
"CAR-0469","Toyota","Camry","2014","36500","107,125 km","Diesel","Automatic","Ajman","2025-07-15","Dealer","Available"
"CAR-0781","Toyota","Corolla","2025","50500","193158","Petrol","Automatic","Dubai","2025-04-22","Dealer","Available"
"CAR-0796","Toyota","Corolla","2014","18000","145232","Petrol","Automatic","Ajman","2026-08-30","Dealer","Available"
"CAR-0616","Hyundai","Tucson","2015","32000","68927","Diesel","Manual","Abu Dhabi","not recorded","Dealer","Available"
"CAR-0330","Toyota","Corolla","2019","36500","63652","Gasoline","Manual","Abu Dhabi","2026-06-30","Individual","Available"
"CAR-0935","Toyota","Corolla","2013","14000","187799","Diesel","Automatic","Abu Dhabi","2026-06-12","Dealer","Available"
"CAR-0272","Honda","Civic","2020","38500","25201","Petrol","Manual","Abudhabi","2025-09-09","Individual","Available"
"CAR-0149","Toyota","  Toyota   Corolla  ","2022","37000","168051","Petrol","Manual","Dubai","2025-10-09","Dealer","Available"
"CAR-0795","Nissan","Altima","2025","50500","70732","Diesel","Manual","Abu Dhabi","2025-11-30","Dealer","Available"
"CAR-0889","Toyota","Camry","2018","43500","199745","Diesel","Manual","Dubai","2025-05-04","Dealer","Available"
"CAR-0240","Nisan","ES 300h","2019","91000","76540","Hybrid","Manual","Ajman","2026-08-20","Dealer","Available"
"CAR-0178","Lexus","ES 300h","2012","47000","11633","Hybrid","Automatic","Abu Dhabi","2025-07-16","dealer","Available"
"CAR-0809","Hyundai","Tucson","2012","23000","163797","Petrol","Manual","Abu Dhabi","2025-07-20","Dealer","Available"
"CAR-0034","Hyundai","Tucson","2020","49500","68536","Diesel","Automatic","","2026-02-04","Individual","Available"
"CAR-0094","Kia","Sportage","2014","29000","175133","Diesel","Automatic","Ajman","2025-05-18","  Dealer ","Available"
"CAR-0290","Kia","Sportage","2021","52500","197665","Petrol","Manual","Shj","2025-12-01","Individual","Available"
"CAR-0538","Lexus","ES 300h","2012","39500","40904","Hybrid","Automatic","Dubai","05/04/2026","Dealer","Available"
"CAR-0923","Hyundai","Tucson","2020","48000","208332","Diesel","Manual","Sharjah","2025-09-10","Individual","Available"
"CAR-0618","Toyota","Camry","2025","72500","35077","Petrol","Manual","Ajman","not recorded","Dealer","Available"
"CAR-0948","Lexus","ES 300h","2017","73000","84635","Hybrid","Manual","Sharjah","2025-07-21","Dealer","Available"
"CAR-0026","Nissan","Altima","2025","51500","16059","","Automatic","Ajman","2026-03-18","Dealer","Available"
"CAR-0271","Toyota","Corolla","2024","46000","23006","Petrol","Automatic","sharjah ","2025-02-20","Individual","Available"
"CAR-0655","Kia","Sportage","2025","-15000","5558","Diesel","Manual","Sharjah","2026-09-03","Individual","Available"
"CAR-0109","Toyota","Corolla","2022","45000","14839","Petrol","Automatic","Abu Dhabi","2025-03-17","Dealer","  Available "
"CAR-0567","Nissan","Altima","2021","40500","25070","Diesel","Manual","Dubai","06/05/2026","Dealer","Available"
"CAR-0561","Toyota","Corolla","2013","13500","121055","Petrol","Manual","Ajman","05/03/2026","Dealer","Available"
"CAR-0412","Hyundai","Tucson","2019","46,500","46544","Petrol","Automatic","Abu Dhabi","2025-08-27","Dealer","Available"
"CAR-0187","Honda","Civic","2023","54500","172517","Diesel","Manual","AJMAN","2026-05-27","Individual","Available"
"CAR-0042","Nissan","Altima","2025","56000","N/A","Petrol","Manual","Sharjah","2025-09-26","Individual","Available"
"CAR-0876","Toyota","Camry","2024","72500","112210","Diesel","Manual","Abu Dhabi","2025-03-09","Individual","Available"
"CAR-0231","Mercedez-Benz","Tucson","2016","35000","165059","Petrol","Automatic","Sharjah","2026-09-13","Individual","Available"
"CAR-0021","Nissan","Altima","2019","39000","112629","Diesel","Manual","Ajman","","Individual","Available"
"CAR-0074","Toyota","Corolla","2025","49000","149709","Petrol","  Manual ","Abu Dhabi","2025-01-29","Dealer","Available"
"CAR-0200","Mercedes-Benz","CLA 250","2025","129500","214179","Diesel","Automatic","Dubai","2026-03-16","dealer","Available"
"CAR-0467","Nissan","Altima","2017","31000","166,922 km","Diesel","Automatic","Dubai","2025-02-02","Individual","Available"
"CAR-0828","Nissan","Altima","2021","39500","32323","Diesel","Automatic","Sharjah","2025-04-10","Dealer","Available"
"CAR-0521","Mercedes-Benz","CLA 250","twenty twenty","120500","231334","Petrol","Manual","Sharjah","2025-09-13","Dealer","Available"
"CAR-0312","Lexus","ES 300h","2015","65000","78918","Hybrid","MT","Dubai","2025-05-25","Dealer","Available"
"CAR-0041","Lexus","ES 300h","2013","   ","159493","Hybrid","Automatic","Abu Dhabi","2026-03-09","Individual","Available"
"CAR-0327","Nissan","Altima","2016","27000","13679","Gasoline","Automatic","Dubai","2026-04-09","Dealer","Available"
"CAR-0419","Hyundai","Tucson","2013","23,500","229582","Diesel","Automatic","Dubai","2026-02-09","Dealer","Available"
"CAR-0337","Honda","Civic","2016","28000","190583","Diesal","Automatic","Sharjah","2025-05-02","Individual","Available"
"CAR-0777","Toyota","Camry","2014","26500","61318","Diesel","Automatic","Ajman","2025-07-15","Individual","Available"
"CAR-0185","Toyota","Corolla","2012","15000","177183","Petrol","Automatic","Dubai","2026-02-21","INDIVIDUAL","Available"
"CAR-0815","Toyota","Corolla","2017","27000","21456","Diesel","Automatic","Ajman","2026-04-28","Individual","Available"
"CAR-0597","Toyota","Corolla","2021","41500","82649","Diesel","Manual","Ajman","2026/01/19","Dealer","Available"
"CAR-0060","Honda","Civic","2024","54500","48995","Petrol","Manual","N/A","2025-05-10","Dealer","Available"
"CAR-0104","Hyundai","Tucson","2025","63000","19848","Diesel","Manual","Ajman","2025-08-12","  Dealer ","Available"
"CAR-0950","Hyundai","Tucson","2023","57000","109672","Diesel","Automatic","Sharjah","2026-08-22","Individual","Available"
"CAR-0438","Kia","Sportage","2015","35500","183,347 km","Diesel","Manual","Sharjah","2026-03-09","Dealer","Available"
"CAR-0477","Mercedes-Benz","CLA 250","2012","forty thousand","43293","Diesel","Automatic","Dubai","2025-08-25","Individual","Available"
"CAR-0608","Honda","Civic","2014","20000","214187","Diesel","Manual","Ajman","31/02/2026","Individual","Available"
"CAR-0490","Hyundai","Tucson","2012","12O00","129785","Petrol","Automatic","Abu Dhabi","2025-09-24","Dealer","Available"
"CAR-0918","Hyundai","Tucson","2024","60500","23909","Petrol","Automatic","Ajman","2026-06-03","Dealer","Available"
"CAR-0154","nissan","Altima","2015","23000","59263","Diesel","Automatic","Ajman","2025-11-07","Dealer","Available"
"CAR-0147","Toyota","  Toyota   Camry  ","2022","63000","128139","Diesel","Automatic","Ajman","2026-07-02","Dealer","Available"
"CAR-0936","Toyota","Camry","2018","49500","20014","Diesel","Manual","Sharjah","2025-09-05","Dealer","Available"
"CAR-0320","Kia","Sportage","2019","45000","136621","Petrol","Auto","Sharjah","2026-08-04","Individual","Available"
"CAR-0176","Nissan","Altima","2021","41000","92086","diesel","Automatic","Abu Dhabi","2026-01-25","Dealer","Available"
"CAR-0754","Nissan","Altima","2012","19000","91239","Petrol","Manual","Abu Dhabi","2025-10-03","Individual","Available"
"CAR-0530","Hyundai","Tucson","twenty twenty","31500","106249","Petrol","Manual","Dubai","2026-08-05","Dealer","Available"
"CAR-0294","Lexus","ES 300h","2021","103500","128057","Hybrid","Auto","Sharjah","2026-03-20","Individual","Available"
"CAR-0265","Kia","Sportage","2020","50000","151055","Diesel","Automatic","sharjah ","2025-11-03","Individual","Available"
"CAR-0384","Nissan","Altima","2014","AED 21,000","110962","Petrol","Automatic","Abu Dhabi","2025-11-17","Individual","Available"
"CAR-0598","Mercedes-Benz","CLA 250","2024","114000","86677","Diesel","Manual","Abu Dhabi","2026/02/22","Dealer","Available"
"CAR-0462","Toyota","Corolla","2019","35000","64,520 km","Petrol","Automatic","Dubai","2026-01-13","Dealer","Available"
"CAR-0335","Toyota","Camry","2016","36500","233081","HYBRID","Manual","Sharjah","2025-01-17","Dealer","Available"
"CAR-0768","Lexus","ES 300h","2025","126000","67730","Hybrid","Manual","Dubai","2025-01-16","Individual","Available"
"CAR-0243","Mercedez-Benz","Camry","2016","36000","143531","Diesel","Manual","Abu Dhabi","2025-06-13","Dealer","Available"
"CAR-0855","Kia","Sportage","2022","59000","228201","Diesel","Automatic","Dubai","2026-03-23","Dealer","Available"
"CAR-0817","Mercedes-Benz","CLA 250","2013","50500","181349","Petrol","Automatic","Ajman","2026-03-24","Individual","Available"
"CAR-0649","Nissan","Altima","2035","34000","83952","Petrol","Automatic","Abu Dhabi","2025-06-11","Individual","Available"
"CAR-0747","Lexus","ES 300h","2022","114000","226104","Hybrid","Manual","Sharjah","2025-12-16","Dealer","Available"
"CAR-0860","Nissan","Altima","2013","16000","9754","Diesel","Automatic","Dubai","2025-09-11","Individual","Available"
"CAR-0857","Kia","Sportage","2013","30500","211718","Petrol","Manual","Dubai","2026-08-05","Dealer","Available"
"CAR-0080","Nissan","Altima","2015","22000","74094","  Petrol ","Automatic","Sharjah","2025-08-17","Individual","Available"
"CAR-0284","Nissan","Altima","2024","46000","35785","Diesel","Automatic","DXB","2025-04-28","Individual","Available"
"CAR-0139","Kia","  Kia   Sportage  ","2015","32000","158103","Petrol","Manual","Abu Dhabi","2025-02-04","Dealer","Available"
"CAR-0565","Kia","Sportage","2025","65000","153733","Petrol","Automatic","Abu Dhabi","16/09/2025","Dealer","Available"
"CAR-0377","Lexus","ES 300h","2024","AED 122,000","32024","Hybrid","Manual","Dubai","2025-12-10","Dealer","Available"
"CAR-0522","Toyota","Camry","202O","32500","159232","Diesel","Automatic","Abu Dhabi","2026-04-20","Dealer","Available"
"CAR-0818","Nissan","Altima","2022","44000","14079","Petrol","Automatic","Abu Dhabi","2025-03-27","Dealer","Available"
"CAR-0826","Toyota","Camry","2024","70000","203389","Diesel","Manual","Abu Dhabi","2025-05-31","Dealer","Available"
"CAR-0100","Toyota","Corolla","2017","24500","186088","Diesel","Manual","Dubai","2025-01-04","Dealer","  Available "
"CAR-0193","Nissan","Altima","2022","40500","141501","Petrol","MANUAL","Dubai","2026-09-20","Dealer","Available"
"CAR-0363","Kia","Sportage","2013","AED 26,000","182847","Petrol","Manual","Ajman","2025-08-06","Dealer","Available"
"CAR-0710","Toyota","Corolla","2021","33500","185572","Diesel","Manual","Dubai","2025-07-10","Dealer","Unknown"
"CAR-0539","Honda","Civic","2016","29000","163903","Petrol","Manual","Dubai","15/03/2025","Individual","Available"
"CAR-0171","Toyota","Camry","2025","77500","207466","Petrol","Manual","Sharjah","2025-08-27","INDIVIDUAL","Available"
"CAR-0930","Nissan","Altima","2015","27000","37604","Petrol","Automatic","Ajman","2026-05-20","Individual","Available"
"CAR-0537","Honda","Civic","2015","28000","214937","Petrol","Manual","Sharjah","31/08/2025","Dealer","Available"
"CAR-0570","Honda","Civic","2013","25000","56759","Petrol","Manual","Sharjah","19/06/2026","Individual","Available"
"CAR-0037","Lexus","","2013","50500","220700","Hybrid","Manual","Ajman","2026-03-18","Individual","Available"
"CAR-0550","Hyundai","Tucson","2019","44500","200955","Diesel","Manual","Dubai","14/01/2025","Individual","Available"
"CAR-0242","Mercedez-Benz","ES 300h","2018","78000","90194","Hybrid","Manual","Dubai","2025-02-09","Individual","Available"
"CAR-0801","Toyota","Corolla","2022","35500","128240","Petrol","Automatic","Ajman","2025-08-29","Individual","Available"
"CAR-0849","Lexus","ES 300h","2024","118000","224066","Hybrid","Automatic","Dubai","2025-07-24","Dealer","Available"
"CAR-0891","Honda","Civic","2021","43500","43418","Diesel","Manual","Abu Dhabi","2025-10-25","Dealer","Available"
"CAR-0788","Hyundai","Tucson","2018","42000","86793","Petrol","Automatic","Abu Dhabi","2025-10-15","Dealer","Available"
"CAR-0908","Toyota","Camry","2018","42000","204444","Petrol","Automatic","Ajman","2025-07-03","Individual","Available"
"CAR-0473","Honda","Civic","2021","TBC","25160","Diesel","Manual","Ajman","2025-12-03","Individual","Available"
"CAR-0871","Hyundai","Tucson","2020","45000","81231","Diesel","Automatic","Abu Dhabi","2026-01-17","Dealer","Available"
"CAR-0446","Nissan","Altima","2013","16000","73,255 km","Diesel","Manual","Ajman","2025-10-27","Dealer","Available"
"CAR-0548","Nissan","Altima","2012","14000","208599","Petrol","Manual","Dubai","03/02/2026","Dealer","Available"
"CAR-0728","Mercedes-Benz","CLA 250","2017","77000","113095","Water","Manual","Sharjah","2025-05-31","Dealer","Available"
"CAR-0169","Toyota","Corolla","2014","19500","19808","Diesel","Automatic","ABU DHABI","2026-03-24","Individual","Available"
"CAR-0843","Toyota","Camry","2012","22500","6617","Diesel","Automatic","Abu Dhabi","2026-09-22","Individual","Available"
"CAR-0742","Mercedes-Benz","CLA 250","2024","119000","224198","Diesel","Manual","Dubai","2025-08-19","Dealer","Available"
"CAR-0392","Toyota","Camry","2024","AED 67,000","35187","Diesel","Manual","Ajman","2026-03-06","Individual","Available"
"CAR-0557","Kia","Sportage","2014","28500","66456","Diesel","Automatic","Dubai","08/01/2026","Dealer","Available"
"CAR-0167","KIA","Sportage","2024","65000","163842","Petrol","Automatic","Sharjah","2026-05-02","Individual","Available"
"CAR-0903","Hyundai","Tucson","2015","28000","7488","Diesel","Manual","Sharjah","2026-03-18","Individual","Available"
"CAR-0362","Toyota","Camry","2020","AED 56,500","61499","Petrol","Automatic","Abu Dhabi","2026-03-22","Dealer","Available"
"CAR-0653","Toyota","Corolla","2014","0","67430","Diesel","Manual","Dubai","2025-03-30","Individual","Available"
"CAR-0503","Kia","Sportage","2013","23000","not recorded","Diesel","Manual","Abu Dhabi","2025-07-22","Individual","Available"
"CAR-0122","Toyota","  Toyota   Camry  ","2013","27500","141409","Petrol","Manual","Sharjah","2025-02-15","Dealer","Available"
"CAR-0498","Kia","Sportage","2020","49000","TBC","Diesel","Automatic","Dubai","2026-06-19","Dealer","Available"
"CAR-0543","Toyota","Camry","2018","42000","120629","Petrol","Manual","Sharjah","15/03/2026","Individual","Available"
"CAR-0614","Mercedes-Benz","CLA 250","2023","114000","79256","Diesel","Automatic","Abu Dhabi","not recorded","Dealer","Available"
"CAR-0839","Kia","Sportage","2021","55500","51173","Petrol","Manual","Abu Dhabi","2025-05-19","Dealer","Available"
"CAR-0119","Nissan","  Altima ","2024","51500","217524","Petrol","Automatic","Abu Dhabi","2026-07-07","Dealer","Available"
"CAR-0369","Lexus","ES 300h","2013","AED 45,000","67083","Hybrid","Automatic","Dubai","2026-05-07","Individual","Available"
"CAR-0746","Hyundai","Tucson","2021","57000","39464","Petrol","Manual","Sharjah","2026-03-26","Individual","Available"
"CAR-0701","Lexus","ES 300h","2018","55000","122671","Hybrid","Automatic","Abu Dhabi","2025-10-20","Dealer","Available"
"CAR-0344","Honda","Civic","2025","53000","173877","Gasoline","Automatic","Abu Dhabi","2026-03-11","Dealer","Available"
"CAR-0666","Kia","Sportage","2025","64500","-100","Diesel","Manual","Abu Dhabi","2026-01-13","Individual","Available"
"CAR-0054","Lexus","ES 300h","2019","92000","N/A","Hybrid","Automatic","Dubai","2025-01-16","Individual","Available"
"CAR-0667","Honda","Civic","2018","34000","-100","Petrol","Manual","Ajman","2025-08-10","Dealer","Available"
"CAR-0254","Mercedez-Benz","Tucson","2021","57000","75286","Petrol","Manual","Ajman","2025-03-03","Dealer","Available"
"CAR-0263","Toyota","Camry","2015","31500","194323","Petrol","Automatic","sharjah ","2026-03-01","Dealer","Available"
"CAR-0753","Mercedes-Benz","CLA 250","2016","63000","156401","Diesel","Automatic","Sharjah","2026-05-14","Dealer","Available"
"CAR-0043","Toyota","Corolla","2023","46500","17726","N/A","Automatic","Dubai","2025-06-17","Dealer","Available"
"CAR-0705","Kia","Sportage","2024","55000","87037","Diesel","Automatic","Ajman","2026-04-10","Individual","Available"
"CAR-0514","Toyota","Corolla","unknown","33000","128209","Petrol","Manual","Sharjah","2026-02-13","Dealer","Available"
"CAR-0685","Toyota","Corolla","2024","9999999","105135","Diesel","Manual","Abu Dhabi","2025-09-03","Dealer","Available"
"CAR-0136","Lexus","  Lexus   ES 300h  ","2021","104500","28227","Hybrid","Automatic","Dubai","2026-08-11","Dealer","Available"
"CAR-0012","Honda","Civic","2024","48500","89365","","Manual","Ajman","2026-05-12","Individual","Available"
"CAR-0275","Hyundai","Tucson","2019","46000","57093","Petrol","Automatic","DXB","2025-06-15","Individual","Available"
"CAR-0660","Hyundai","Tucson","2024","-15000","179731","Diesel","Automatic","Abu Dhabi","2025-04-23","Dealer","Available"
"CAR-0929","Hyundai","Tucson","2024","59500","109032","Petrol","Automatic","Sharjah","2026-08-24","Dealer","Available"
"CAR-0767","Mercedes-Benz","CLA 250","2023","109000","73212","Petrol","Manual","Abu Dhabi","2026-07-02","Individual","Available"
"CAR-0215","Kia","Sportage","2014","27500","159303","Petrol","AUTOMATIC","Dubai","2025-06-03","Dealer","Available"
"CAR-0823","Hyundai","Tucson","2021","57500","25000","Diesel","Manual","Ajman","2025-09-23","Dealer","Available"
"CAR-0391","Lexus","ES 300h","2023","AED 118,500","56084","Hybrid","Automatic","Abu Dhabi","2025-10-21","Dealer","Available"
"CAR-0101","  Hyundai ","Tucson","2023","61500","32242","Diesel","Automatic","Dubai","2025-07-18","Dealer","Available"
"CAR-0441","Honda","Civic","2024","52500","158,324 km","Petrol","Manual","Sharjah","2026-05-23","Dealer","Available"
"CAR-0704","Mercedes-Benz","CLA 250","2022","108500","36101","Diesel","Manual","Ajman","2026-01-20","Individual","SOLD"
"CAR-0828","Nissan","Altima","2021","39500","32323","Diesel","Automatic","Sharjah","2025-04-10","Dealer","Available"
"CAR-0531","Nissan","Altima","2012","22500","132089","Petrol","Automatic","Sharjah","02/12/2025","Dealer","Available"
"CAR-0255","Toyta","Camry","2017","47000","101287","Diesel","Automatic","Ajman","2026-01-25","Individual","Available"
"CAR-0285","Mercedes-Benz","CLA 250","2016","63500","78546","Diesel","Manual","Abudhabi","2025-08-16","Individual","Available"
"CAR-0247","Nisan","Altima","2021","45000","227977","Petrol","Manual","Dubai","2025-05-30","Dealer","Available"
"CAR-0489","Hyundai","Tucson","2020","12O00","135818","Petrol","Manual","Dubai","2026-05-05","Dealer","Available"
"CAR-0442","Mercedes-Benz","CLA 250","2012","40500","40,037 km","Petrol","Manual","Ajman","2026-01-17","Individual","Available"
"CAR-0927","Honda","Civic","2014","26000","61395","Petrol","Manual","Sharjah","2026-02-27","Dealer","Available"
"CAR-0617","Toyota","Camry","2024","72000","227619","Diesel","Manual","Dubai","2026-13-05","Dealer","Available"
"CAR-0668","Mercedes-Benz","CLA 250","2019","90000","-25000","Petrol","Automatic","Dubai","2026-05-25","Individual","Available"
"CAR-0402","Nissan","Altima","2025","58,000","133649","Petrol","Manual","Sharjah","2026-03-26","Individual","Available"
"CAR-0719","Toyota","Camry","2018","42500","6695","Petrol","Automatic","Dubai","2025-07-28","Dealer","SOLD"
"CAR-0081","Toyota","Corolla","2013","15500","150408","  Petrol ","Manual","Abu Dhabi","2026-04-04","Dealer","Available"
"CAR-0751","Toyota","Camry","2015","33000","109174","Petrol","Manual","Abu Dhabi","2026-06-16","Individual","Available"
"CAR-0909","Lexus","ES 300h","2020","95000","81987","Hybrid","Manual","Dubai","2026-03-25","Dealer","Available"
"CAR-0793","Lexus","ES 300h","2013","49000","11300","Hybrid","Manual","Dubai","2025-04-15","Individual","Available"
"CAR-0699","Hyundai","Tucson","2014","26000","1500000","Diesel","Automatic","Sharjah","2025-06-16","Dealer","Available"
"CAR-0629","Hyundai","Tucson","2021","55500","162171","Diesel","Automatic","Abu Dhabi","2028-01-20","Dealer","Available"
"CAR-0834","Honda","Civic","2012","15500","6599","Petrol","Manual","Sharjah","2025-03-06","Dealer","Available"
"CAR-0816","Mercedes-Benz","CLA 250","2018","79500","44989","Diesel","Automatic","Ajman","2026-02-08","Individual","Available"
"CAR-0381","Kia","Sportage","2022","AED 55,000","211070","Petrol","Manual","Sharjah","2026-06-29","Dealer","Available"
"CAR-0801","Toyota","Corolla","2022","35500","128240","Petrol","Automatic","Ajman","2025-08-29","Individual","Available"
"CAR-0564","Honda","Civic","2022","44500","231511","Diesel","Automatic","Ajman","17/09/2026","Individual","Available"
"CAR-0370","Mercedes-Benz","CLA 250","2014","AED 53,000","50986","Petrol","Manual","Sharjah","2026-08-05","Dealer","Available"
"CAR-0142","Nissan","  Nissan   Altima  ","2021","45000","30466","Petrol","Automatic","Ajman","2026-01-27","Dealer","Available"
"CAR-0900","Toyota","Camry","2018","43500","133749","Petrol","Automatic","Sharjah","2025-07-22","Individual","Available"
"CAR-0017","Hyundai","Tucson","2012","","123890","Diesel","Manual","Abu Dhabi","2026-06-22","Dealer","Available"
"CAR-0915","Toyota","Camry","2022","65000","20103","Diesel","Manual","Sharjah","2025-12-19","Dealer","Available"
"CAR-0443","Honda","Civic","2018","38000","114,876 km","Petrol","Manual","Abu Dhabi","2025-11-19","Dealer","Available"
"CAR-0856","Hyundai","Tucson","2014","27500","17471","Petrol","Manual","Abu Dhabi","2025-09-17","Dealer","Available"
"CAR-0324","Kia","Sportage","2025","68500","29965","Diesal","Manual","Ajman","2026-05-02","Dealer","Available"
"CAR-0874","Nissan","Altima","2020","44000","182514","Diesel","Manual","Dubai","2025-12-23","Individual","Available"
"CAR-0195","Toyota","Camry","2016","40500","214618","Petrol","Automatic","Sharjah","2026-09-14","Dealer","AVAILABLE"
"CAR-0844","Lexus","ES 300h","2012","43000","68007","Hybrid","Automatic","Ajman","2025-11-30","Dealer","Available"
"CAR-0710","Toyota","Corolla","2012","55000","163365","Diesel","Manual","Abu Dhabi","2025-07-12","Individual","Available"
"CAR-0760","Toyota","Corolla","2018","34000","97962","Diesel","Automatic","Sharjah","2026-02-22","Individual","Available"
"CAR-0347","Lexus","ES 300h","2017","77000","193171","petrol ","Automatic","Dubai","2026-03-07","Individual","Available"
"CAR-0841","Hyundai","Tucson","2025","64000","81403","Petrol","Manual","Ajman","2025-06-12","Individual","Available"
"CAR-0303","Nissan","Altima","2019","37500","100742","Diesel","MT","Sharjah","2026-05-23","Individual","Available"
"CAR-0105","Lexus","ES 300h","2021","105000","151063","Hybrid","  Automatic ","Abu Dhabi","2026-08-11","Dealer","Available"
"CAR-0076","Honda","Civic","2025","55500","20259","Diesel","Automatic","Abu Dhabi","2025-11-01","Individual","  Available "
"CAR-0182","Toyota","Corolla","2020","36500","55915","Diesel","manual","Dubai","2025-01-04","Individual","Available"
"CAR-0036","","ES 300h","2024","120000","229235","Hybrid","Automatic","Dubai","2025-10-09","Individual","Available"
"CAR-0690","Hyundai","Tucson","2018","9999999","109858","Petrol","Manual","Abu Dhabi","2026-08-12","Dealer","Available"
"CAR-0153","Honda","Civic","2012","22000","188163","Diesel","MANUAL","Ajman","2025-05-23","Individual","Available"
"CAR-0040","Nissan","Altima","2022","44000","5651","","Manual","Sharjah","2026-07-07","Individual","Available"
"CAR-0755","Mercedes-Benz","CLA 250","2017","69500","200981","Diesel","Manual","Abu Dhabi","2026-05-11","Dealer","Available"
"CAR-0585","Mercedes-Benz","CLA 250","2014","53500","114342","Petrol","Automatic","Abu Dhabi","2026/08/10","Individual","Available"
"CAR-0297","Kia","Sportage","2020","49500","16666","Petrol","MT","Ajman","2025-11-09","Individual","Available"
"CAR-0686","Lexus","ES 300h","2017","9999999","151822","Hybrid","Automatic","Ajman","2026-05-23","Individual","Available"
"CAR-0803","Mercedes-Benz","CLA 250","2020","90500","200615","Petrol","Manual","Sharjah","2025-06-08","Dealer","Available"
"CAR-0416","Hyundai","Tucson","2012","25,000","229934","Diesel","Manual","Sharjah","2025-08-12","Individual","Available"
"CAR-0093","Lexus","  ES 300h ","2017","73500","73240","Hybrid","Manual","Dubai","2026-02-24","Dealer","Available"
"CAR-0532","Nissan","Altima","2017","29000","112513","Petrol","Automatic","Abu Dhabi","20/08/2026","Individual","Available"
"CAR-0844","Lexus","ES 300h","2012","43000","68007","Hybrid","Automatic","Ajman","2025-11-30","Dealer","Available"
"CAR-0593","Mercedes-Benz","CLA 250","2021","101500","205142","Diesel","Automatic","Dubai","2025/01/04","Dealer","Available"
"CAR-0051","Honda","Civic","2017","31500","96569","-","Automatic","Abu Dhabi","2026-03-23","Dealer","Available"
"CAR-0398","Toyota","Corolla","2021","32,500","113282","Petrol","Automatic","Ajman","2025-06-29","Individual","Available"
"CAR-0809","Hyundai","Tucson","2012","23000","163797","Petrol","Manual","Abu Dhabi","2025-07-20","Dealer","Available"
"CAR-0516","Mercedes-Benz","CLA 250","twenty twenty","129500","183946","Petrol","Manual","Abu Dhabi","2025-05-17","Dealer","Available"
"CAR-0933","Toyota","Corolla","2012","17000","138055","Petrol","Automatic","Sharjah","2025-04-25","Dealer","Available"
"CAR-0375","Lexus","ES 300h","2023","AED 119,000","171441","Hybrid","Automatic","Dubai","2026-06-19","Individual","Available"
"CAR-0437","Hyundai","Tucson","2022","59000","100,403 km","Diesel","Automatic","Ajman","2025-06-29","Dealer","Available"
"CAR-0291","Toyota","Corolla","2016","29000","205501","Petrol","manual ","Ajman","2025-03-13","Dealer","Available"
"CAR-0863","Toyota","Corolla","2022","43000","131638","Petrol","Automatic","Abu Dhabi","2025-08-07","Dealer","Available"
"CAR-0475","Toyota","Corolla","2025","forty thousand","205740","Diesel","Automatic","Sharjah","2025-03-26","Individual","Available"
"CAR-0880","Hyundai","Tucson","2025","72000","79117","Diesel","Automatic","Abu Dhabi","2025-10-15","Individual","Available"
"CAR-0892","Hyundai","Tucson","2018","41500","206620","Petrol","Automatic","Ajman","2025-10-27","Individual","Available"
"CAR-0924","Mercedes-Benz","CLA 250","2012","42000","190961","Petrol","Manual","Sharjah","2025-03-02","Individual","Available"
"CAR-0729","Hyundai","Tucson","2018","42000","201377","Water","Automatic","Dubai","2025-11-20","Dealer","Available"
"CAR-0810","Hyundai","Tucson","2017","42500","111481","Petrol","Manual","Ajman","2025-02-19","Dealer","Available"
"CAR-0393","Nissan","Altima","2012","AED 15,500","209143","Petrol","Automatic","Sharjah","2026-03-25","Dealer","Available"
"CAR-0925","Nissan","Altima","2025","57500","8385","Diesel","Manual","Sharjah","2025-06-08","Dealer","Available"
"CAR-0494","Toyota","Corolla","2015","26000","TBC","Petrol","Automatic","Dubai","2025-04-29","Dealer","Available"
"CAR-0471","Honda","Civic","2017","12O00","146933","Diesel","Manual","Abu Dhabi","2025-10-08","Individual","Available"
"CAR-0919","Lexus","ES 300h","2024","124000","39127","Hybrid","Automatic","Dubai","2025-05-25","Dealer","Available"
"CAR-0678","Kia","Sportage","2012","22500","-25000","Petrol","Manual","Abu Dhabi","2025-03-07","Dealer","Available"
"CAR-0827","Mercedes-Benz","CLA 250","2012","45000","234891","Petrol","Automatic","Dubai","2026-02-12","Individual","Available"
"CAR-0775","Nissan","Altima","2020","37000","146628","Petrol","Manual","Dubai","2026-06-30","Dealer","Available"
"CAR-0214","Toyota","Camry","2019","50500","25612","Petrol","manual","Sharjah","2026-04-01","Individual","Available"
"CAR-0461","Hyundai","Tucson","2025","66000","6,938 km","Petrol","Automatic","Abu Dhabi","2026-01-11","Dealer","Available"
"CAR-0069","Honda","Civic","2022","44500","134625","Diesel","  Automatic ","Ajman","2025-05-31","Dealer","Available"
"CAR-0301","Toyota","Corolla","2012","11000","148176","Diesel","manual ","Ajman","2025-06-19","Dealer","Available"
"CAR-0202","Mercedes-Benz","CLA 250","2014","51500","142619","Petrol","Automatic","Abu Dhabi","2026-02-27","dealer","Available"
"CAR-0427","Hyundai","Tucson","2020","47,000","224900","Diesel","Automatic","Abu Dhabi","2026-02-07","Dealer","Available"
"CAR-0922","Toyota","Corolla","2025","50000","234732","Diesel","Automatic","Abu Dhabi","2025-01-05","Dealer","Available"
"CAR-0830","Hyundai","Tucson","2021","57000","113919","Diesel","Manual","Ajman","2026-02-24","Individual","Available"
"CAR-0635","Toyota","Corolla","0","19500","129128","Diesel","Automatic","Abu Dhabi","2026-07-08","Individual","Available"
"CAR-0227","Nisan","Corolla","2022","41500","172813","Diesel","Automatic","Ajman","2026-05-27","Individual","Available"
"CAR-0189","HONDA","Civic","2023","45500","17060","Diesel","Automatic","Abu Dhabi","2026-05-06","Individual","Available"
"CAR-0878","Kia","Sportage","2020","51500","95396","Petrol","Automatic","Ajman","2025-03-16","Individual","Available"
"CAR-0926","Kia","Sportage","2023","64500","167084","Diesel","Automatic","Abu Dhabi","2026-05-02","Individual","Available"
"CAR-0911","Honda","Civic","2018","36000","97220","Petrol","Automatic","Abu Dhabi","2025-05-03","Dealer","Available"
"CAR-0088","Lexus","ES 300h","2022","105500","201869","Hybrid","  Automatic ","Abu Dhabi","2026-04-20","Individual","Available"
"CAR-0478","Kia","Sportage","2022","forty thousand","122861","Diesel","Manual","Abu Dhabi","2025-07-26","Individual","Available"
"CAR-0583","Mercedes-Benz","CLA 250","2020","91500","35110","Petrol","Manual","Sharjah","2025/10/29","Dealer","Available"
"CAR-0541","Kia","Sportage","2020","52000","105946","Diesel","Automatic","Ajman","13/09/2026","Individual","Available"
"CAR-0062","Kia","Sportage","2014","25000","124891","Petrol","Automatic","Abu Dhabi","2026-04-17","Dealer","  Available "
"CAR-0819","Hyundai","Tucson","2014","30000","205654","Diesel","Automatic","Abu Dhabi","2026-02-06","Individual","Available"
"CAR-0220","Toyota","Corolla","2021","33000","82532","Petrol","automatic","Abu Dhabi","2025-04-25","Dealer","Available"
"CAR-0894","Honda","Civic","2017","37500","187558","Diesel","Manual","Abu Dhabi","2026-01-19","Individual","Available"
"CAR-0345","Nissan","Altima","2020","40000","56752","Gasoline","Automatic","Ajman","2026-06-14","Dealer","Available"
"CAR-0769","Toyota","Corolla","2012","14500","181358","Diesel","Automatic","Abu Dhabi","2026-02-23","Individual","Available"
"CAR-0145","Nissan","  Nissan   Altima  ","2018","35500","149207","Diesel","Manual","Abu Dhabi","2026-06-03","Dealer","Available"
"CAR-0566","Honda","Civic","2020","42000","96572","Petrol","Automatic","Sharjah","04/07/2026","Individual","Available"
"CAR-0199","Hyundai","Tucson","2014","28000","124681","PETROL","Automatic","Dubai","2026-07-18","Dealer","Available"
"CAR-0928","Toyota","Camry","2012","27500","35548","Petrol","Manual","Ajman","2025-07-02","Individual","Available"
"CAR-0007","Toyota","Corolla","2020","30500","146131","Diesel","Automatic","Dubai","","Dealer","Available"
"CAR-0190","Kia","Sportage","2017","40000","48535","Diesel","Automatic","dubai","2026-09-21","Dealer","Available"
"CAR-0159","Lexus","ES 300h","2015","66000","95076","Hybrid","Manual","Dubai","2026-05-19","INDIVIDUAL","Available"
"CAR-0581","Toyota","Camry","2016","34000","99750","Petrol","Manual","Ajman","2026/05/04","Individual","Available"
"CAR-0480","Hyundai","Tucson","2022","TBC","191778","Diesel","Manual","Ajman","2025-08-31","Individual","Available"
"CAR-0932","Lexus","ES 300h","2014","56000","118784","Hybrid","Automatic","Dubai","2026-06-05","Individual","Available"
"CAR-0161","Nissan","Altima","2020","44000","82176","Petrol","Automatic","SHARJAH","2026-02-12","Dealer","Available"
"CAR-0246","Toyta","ES 300h","2013","44500","116881","Hybrid","Automatic","Sharjah","2025-04-11","Dealer","Available"
"CAR-0201","Hyundai","Tucson","2015","27500","111935","PETROL","Automatic","Sharjah","2025-10-10","Individual","Available"
"CAR-0211","Nissan","Altima","2015","27000","182423","Petrol","Automatic","AJMAN","2025-03-02","Individual","Available"
"CAR-0722","Lexus","ES 300h","2014","55500","179016","Water","Manual","Dubai","2025-01-02","Individual","Available"
"CAR-0613","Mercedes-Benz","CLA 250","2015","59500","199901","Diesel","Manual","Ajman","not recorded","Individual","Available"
"CAR-0343","Hyundai","Tucson","2021","54000","121585","petrol ","Manual","Abu Dhabi","2026-04-06","Individual","Available"
"CAR-0689","Hyundai","Tucson","2021","9999999","205974","Petrol","Manual","Sharjah","2025-08-31","Individual","Available"
"CAR-0114","Kia","Sportage","2019","49000","14202","  Petrol ","Automatic","Sharjah","2026-08-31","Individual","Available"
"CAR-0238","Toyta","Tucson","2020","45500","109265","Diesel","Manual","Dubai","2025-08-13","Dealer","Available"
"CAR-0038","Hyundai","Tucson","2013","","111582","Petrol","Manual","Dubai","2026-04-04","Individual","Available"
"CAR-0826","Toyota","Camry","2024","70000","203389","Diesel","Manual","Abu Dhabi","2025-05-31","Dealer","Available"
"CAR-0881","Kia","Sportage","2016","35500","77131","Diesel","Automatic","Abu Dhabi","2026-09-01","Individual","Available"
"CAR-0486","Kia","Sportage","2014","12O00","17596","Petrol","Manual","Abu Dhabi","2025-08-12","Dealer","Available"
"CAR-0292","Nissan","Altima","2024","56000","85899","Petrol","AT","Abu Dhabi","2026-04-01","Dealer","Available"
"CAR-0687","Toyota","Corolla","2022","9999999","7860","Diesel","Automatic","Dubai","2025-05-31","Dealer","Available"
"CAR-0359","Honda","Civic","2022","AED 52,000","75562","Petrol","Manual","Sharjah","2025-07-29","Individual","Available"
"CAR-0658","Honda","Civic","2015","-15000","144811","Diesel","Manual","Abu Dhabi","2026-03-10","Individual","Available"
"CAR-0814","Mercedes-Benz","CLA 250","2025","120500","174809","Petrol","Manual","Sharjah","2025-10-28","Dealer","Available"
"CAR-0540","Nissan","Altima","2024","46500","43557","Petrol","Manual","Sharjah","28/07/2025","Individual","Available"
"CAR-0002","Lexus","","2023","117000","41290","Hybrid","Manual","Abu Dhabi","2025-01-24","Dealer","Available"
"CAR-0787","Hyundai","Tucson","2022","58000","13456","Petrol","Manual","Sharjah","2025-07-27","Individual","Available"
"CAR-0834","Honda","Civic","2012","15500","6599","Petrol","Manual","Sharjah","2025-03-06","Dealer","Available"
"CAR-0378","Mercedes-Benz","CLA 250","2025","AED 125,000","181878","Petrol","Manual","Abu Dhabi","2026-07-19","Dealer","Available"
"CAR-0436","Mercedes-Benz","CLA 250","2013","49500","18,519 km","Diesel","Automatic","Dubai","2025-08-31","Dealer","Available"
"CAR-0832","Mercedes-Benz","CLA 250","2022","104000","18344","Petrol","Automatic","Dubai","2025-04-20","Dealer","Available"
"CAR-0811","Hyundai","Tucson","2018","41500","111372","Diesel","Manual","Abu Dhabi","2025-11-04","Individual","Available"
"CAR-0162","Hyundai","Tucson","2018","43000","226062","petrol","Manual","Dubai","2025-03-28","Individual","Available"
"CAR-0326","Lexus","ES 300h","2015","59000","135293","Diesal","Automatic","Sharjah","2025-10-09","Dealer","Available"
"CAR-0623","Lexus","ES 300h","2017","72000","203753","Hybrid","Automatic","Ajman","2028-01-20","Individual","Available"
"CAR-0006","Lexus","ES 300h","2024","120000","98332","Hybrid","Automatic","","2025-05-21","Dealer","Available"
"CAR-0270","Nissan","Altima","2025","52500","69393","Diesel","Automatic","Abudhabi","2026-06-15","Dealer","Available"
"CAR-0463","Lexus","ES 300h","2017","80000","94,048 km","Hybrid","Automatic","Dubai","2025-08-14","Individual","Available"
"CAR-0403","Kia","Sportage","2023","63,000","233014","Diesel","Automatic","Ajman","2026-05-23","Dealer","Available"
"CAR-0664","Honda","Civic","2021","0","168969","Diesel","Manual","Dubai","2026-06-09","Individual","Available"
"CAR-0837","Honda","Civic","2014","26000","52069","Petrol","Manual","Abu Dhabi","2026-02-05","Dealer","Available"
"CAR-0833","Hyundai","Tucson","2019","51500","103154","Diesel","Automatic","Abu Dhabi","2026-08-03","Individual","Available"
"CAR-0241","Nisan","CLA 250","2016","63000","164971","Petrol","Automatic","Sharjah","2025-04-08","Dealer","Available"
"CAR-0234","Mercedez-Benz","Camry","2019","48500","103678","Diesel","Automatic","Dubai","2025-07-04","Individual","Available"
"CAR-0401","Kia","Sportage","2022","61,000","15308","Petrol","Automatic","Sharjah","2025-12-11","Individual","Available"
"CAR-0365","Toyota","Corolla","2017","AED 30,000","61294","Diesel","Automatic","Ajman","2025-08-15","Dealer","Available"
"CAR-0106","Toyota","Camry","2016","35000","88725","Diesel","Automatic","Dubai","2026-04-25","  Dealer ","Available"
"CAR-0160","Mercedes-Benz","CLA 250","2013","51000","84529","Petrol","Automatic","Ajman","2025-01-10","Dealer","available"
"CAR-0872","Toyota","Camry","2018","44500","40918","Diesel","Automatic","Sharjah","2025-04-29","Individual","Available"
"CAR-0765","Nissan","Altima","2025","54000","143858","Petrol","Automatic","Sharjah","2025-08-16","Individual","Available"
"CAR-0016","Mercedes-Benz","","2018","81500","90301","Petrol","Manual","Ajman","2025-08-09","Dealer","Available"
"CAR-0022","","CLA 250","2016","68000","119740","Diesel","Manual","Abu Dhabi","2025-01-22","Individual","Available"
"CAR-0056","Honda","Civic","2020","40000","42483","Diesel","Manual","N/A","2026-01-19","Individual","Available"
"CAR-0468","Toyota","Corolla","2024","49000","147,482 km","Diesel","Manual","Sharjah","2026-09-20","Individual","Available"
"CAR-0269","Lexus","ES 300h","2017","73500","224403","Hybrid","Manual","DXB","2025-07-13","Dealer","Available"
"CAR-0574","Hyundai","Tucson","2025","66000","53558","Diesel","Manual","Dubai","2025/02/13","Dealer","Available"
"CAR-0684","Lexus","ES 300h","2014","9999999","21396","Hybrid","Automatic","Abu Dhabi","2026-09-19","Individual","Available"
"CAR-0947","Nissan","Altima","2021","46500","114543","Diesel","Automatic","Sharjah","2025-08-06","Individual","Available"
"CAR-0942","Honda","Civic","2018","32000","221437","Petrol","Automatic","Ajman","2026-04-10","Individual","Available"
"CAR-0250","Nisan","Camry","2019","45500","159905","Diesel","Automatic","Sharjah","2025-12-19","Individual","Available"
"CAR-0488","Toyota","Corolla","2022","forty thousand","54311","Diesel","Automatic","Ajman","2026-01-21","Dealer","Available"
"CAR-0820","Mercedes-Benz","CLA 250","2024","116500","73912","Petrol","Manual","Sharjah","2025-12-19","Individual","Available"
"CAR-0910","Mercedes-Benz","CLA 250","2013","46000","59829","Petrol","Manual","Dubai","2026-01-07","Dealer","Available"
"CAR-0846","Mercedes-Benz","CLA 250","2016","67000","168914","Petrol","Automatic","Abu Dhabi","2026-01-03","Individual","Available"
"CAR-0075","Hyundai","  Tucson ","2012","19000","121928","Diesel","Manual","Sharjah","2025-11-01","Dealer","Available"
"CAR-0168","Kia","Sportage","2020","46500","76017","Petrol","Manual","sharjah","2025-04-02","Dealer","Available"
"CAR-0914","Lexus","ES 300h","2018","86000","65609","Hybrid","Manual","Ajman","2026-03-24","Dealer","Available"
"CAR-0208","mercedes-benz","CLA 250","2021","102500","120783","Petrol","Manual","Ajman","2026-07-04","Individual","Available"
"CAR-0715","Hyundai","Tucson","2024","62000","160270","Petrol","Automatic","Dubai","2025-08-31","Individual","available "
"CAR-0063","Kia","Sportage","2024","64000","38184","  Diesel ","Automatic","Dubai","2026-09-14","Dealer","Available"
"CAR-0188","Hyundai","Tucson","2019","51000","55233","Diesel","Automatic","Dubai","2026-01-16","Dealer","available"
"CAR-0047","Kia","Sportage","2012","18500","218624","N/A","Manual","Abu Dhabi","2025-10-07","Individual","Available"
"CAR-0938","Nissan","Altima","2017","29500","104368","Petrol","Manual","Dubai","2025-02-21","Individual","Available"
"CAR-0222","Toyta","Civic","2014","21500","230997","Petrol","Manual","Sharjah","2026-09-17","Individual","Available"
"CAR-0429","Toyota","Camry","2015","30,500","63112","Petrol","Automatic","Dubai","2026-06-10","Individual","Available"
"CAR-0683","Nissan","Altima","2023","9999999","212586","Diesel","Automatic","Ajman","2025-03-07","Dealer","Available"
"CAR-0802","Honda","Civic","2014","25500","148974","Diesel","Automatic","Dubai","2025-11-01","Dealer","Available"
"CAR-0355","Mercedes-Benz","CLA 250","2025","AED 123,000","106027","Diesel","Automatic","Ajman","2025-04-17","Dealer","Available"
"CAR-0283","Toyota","Camry","2020","57000","117503","Petrol","Manual","Shj","2025-11-06","Individual","Available"
"CAR-0353","Kia","Sportage","2018","AED 40,000","86330","Petrol","Manual","Abu Dhabi","2025-07-18","Dealer","Available"
"CAR-0804","Hyundai","Tucson","2016","32000","223604","Petrol","Manual","Dubai","2026-03-16","Individual","Available"
"CAR-0217","Lexus","ES 300h","2014","57500","125792","Hybrid","Automatic","Dubai","2026-06-30","Dealer","AVAILABLE"
"CAR-0850","Kia","Sportage","2020","54000","144943","Petrol","Automatic","Ajman","2025-07-10","Individual","Available"
"CAR-0727","Honda","Civic","2021","40500","202997","Water","Manual","Ajman","2025-01-10","Individual","Available"
"CAR-0001","","ES 300h","2022","112000","58893","Hybrid","Manual","Sharjah","2026-07-04","Dealer","Available"
"CAR-0885","Nissan","Altima","2019","37000","38641","Diesel","Manual","Dubai","2026-05-13","Individual","Available"
"CAR-0278","Nissan","Altima","2021","41000","175697","Petrol","Manual","Abudhabi","2026-08-04","Individual","Available"
"CAR-0841","Hyundai","Tucson","2025","64000","81403","Petrol","Manual","Ajman","2025-06-12","Individual","Available"
"CAR-0183","Toyota","Camry","2012","26500","179342","Diesel","Automatic","SHARJAH","2025-08-21","Individual","Available"
"CAR-0228","Hyndai","Camry","2022","58500","189365","Petrol","Automatic","Abu Dhabi","2025-04-09","Individual","Available"
"CAR-0118","Lexus","ES 300h","2021","107000","20301","Hybrid","  Automatic ","Sharjah","2026-04-29","Individual","Available"
"CAR-0901","Lexus","ES 300h","2013","49500","172168","Hybrid","Automatic","Ajman","2026-08-27","Individual","Available"
"CAR-0743","Nissan","Altima","2020","43500","188455","Petrol","Manual","Dubai","2026-05-04","Dealer","Available"
"CAR-0091","Toyota","Camry","2014","35500","64468","Diesel","Manual","  Ajman ","2025-11-06","Individual","Available"
"CAR-0791","Mercedes-Benz","CLA 250","2012","35500","223753","Diesel","Manual","Sharjah","2025-10-01","Dealer","Available"
"CAR-0483","Lexus","ES 300h","2023","TBC","85707","Hybrid","Manual","Abu Dhabi","2025-07-07","Dealer","Available"
"CAR-0829","Honda","Civic","2012","20500","188723","Petrol","Automatic","Ajman","2026-06-14","Individual","Available"
"CAR-0865","Mercedes-Benz","CLA 250","2022","101500","192600","Petrol","Manual","Dubai","2026-02-11","Individual","Available"
"CAR-0949","Kia","Sportage","2016","38000","132588","Diesel","Automatic","Sharjah","2026-04-18","Individual","Available"
"CAR-0107","Nissan","Altima","2022","42000","169555","Petrol","Automatic","Abu Dhabi","2026-01-30","Individual","  Available "
"CAR-0766","Kia","Sportage","2018","46500","48519","Diesel","Automatic","Dubai","2026-03-03","Dealer","Available"
"CAR-0435","Nissan","Altima","2021","38000","214,731 km","Petrol","Automatic","Dubai","2025-11-19","Dealer","Available"
"CAR-0079","Toyota","Camry","2018","48000","55658","Petrol","Automatic","Abu Dhabi","2026-08-14","Dealer","  Available "
"CAR-0418","Honda","Civic","2013","18,000","170733","Diesel","Automatic","Ajman","2025-05-19","Individual","Available"
"CAR-0115","  Hyundai ","Tucson","2017","41500","232416","Petrol","Automatic","Abu Dhabi","2026-08-20","Dealer","Available"
"CAR-0020","Lexus","ES 300h","2012","40500","114578","Hybrid","Automatic","","2026-06-09","Individual","Available"
"CAR-0031","Mercedes-Benz","CLA 250","2015","","168623","Diesel","Manual","Sharjah","2026-06-06","Individual","Available"
"CAR-0934","Nissan","Altima","2021","46500","50066","Petrol","Manual","Abu Dhabi","2025-10-25","Individual","Available"
"CAR-0496","Toyota","Corolla","2020","37500","not recorded","Diesel","Automatic","Dubai","2026-02-28","Individual","Available"
"CAR-0513","Nissan","Altima","202O","27000","171167","Diesel","Automatic","Dubai","2026-08-16","Individual","Available"
"CAR-0349","Toyota","Corolla","2019","31500","159072","Diesal","Manual","Dubai","2026-06-28","Individual","Available"
"CAR-0604","Mercedes-Benz","CLA 250","2012","38000","218526","Petrol","Manual","Abu Dhabi","31/02/2026","Individual","Available"
"CAR-0573","Nissan","Altima","2024","47000","170987","Petrol","Manual","Dubai","2026/08/31","Dealer","Available"
"CAR-0606","Honda","Civic","2025","56000","7641","Diesel","Automatic","Sharjah","31/02/2026","Individual","Available"
"CAR-0632","Nissan","Altima","2035","35000","233432","Diesel","Automatic","Ajman","2025-03-04","Dealer","Available"
"CAR-0840","Kia","Sportage","2016","40500","188914","Diesel","Manual","Ajman","2026-03-13","Dealer","Available"
"CAR-0453","Mercedes-Benz","CLA 250","2023","114000","153,887 km","Diesel","Automatic","Dubai","2025-04-06","Individual","Available"
"CAR-0827","Mercedes-Benz","CLA 250","2012","45000","234891","Petrol","Automatic","Dubai","2026-02-12","Individual","Available"
"CAR-0627","Hyundai","Tucson","2018","44000","71921","Petrol","Automatic","Abu Dhabi","2028-01-20","Dealer","Available"
"CAR-0256","Toyta","Sportage","2012","23500","141674","Petrol","Automatic","Abu Dhabi","2025-08-19","Dealer","Available"
"CAR-0502","Mercedes-Benz","CLA 250","2016","62000","85O00","Diesel","Manual","Dubai","2025-06-18","Individual","Available"
"CAR-0749","Lexus","ES 300h","2025","129000","36959","Hybrid","Automatic","Sharjah","2026-05-20","Individual","Available"
"CAR-0340","Toyota","Corolla","2018","26500","203223","Gasoline","Automatic","Dubai","2025-08-30","Dealer","Available"
"CAR-0495","Toyota","Corolla","2019","37500","85O00","Diesel","Manual","Sharjah","2025-09-27","Dealer","Available"
"CAR-0799","Kia","Sportage","2012","17500","165736","Diesel","Automatic","Dubai","2026-06-13","Dealer","Available"
"CAR-0864","Toyota","Corolla","2019","32500","205498","Petrol","Automatic","Sharjah","2025-04-09","Individual","Available"
"CAR-0810","Hyundai","Tucson","2017","42500","111481","Petrol","Manual","Ajman","2025-02-19","Dealer","Available"
"CAR-0318","Kia","Sportage","2013","29500","124162","Diesel","Auto","Abu Dhabi","2025-12-19","Individual","Available"
"CAR-0092","Lexus","ES 300h","2024","124500","36071","Hybrid","Manual","  Sharjah ","2026-02-12","Dealer","Available"
"CAR-0709","Kia","Sportage","2025","72000","138068","Diesel","Automatic","Abu Dhabi","2026-05-18","Individual","Unknown"
"CAR-0595","Honda","Civic","2023","49500","34335","Petrol","Manual","Dubai","2025/01/25","Individual","Available"
"CAR-0812","Mercedes-Benz","CLA 250","2020","91500","13209","Diesel","Manual","Abu Dhabi","2026-07-30","Dealer","Available"
"CAR-0163","Kia","Sportage","2023","61500","96741","Petrol","Automatic","SHARJAH","2025-05-26","Dealer","Available"
"CAR-0937","Lexus","ES 300h","2018","80500","160109","Hybrid","Automatic","Dubai","2025-10-12","Individual","Available"
"CAR-0839","Kia","Sportage","2021","55500","51173","Petrol","Manual","Abu Dhabi","2025-05-19","Dealer","Available"
"CAR-0206","Mercedes-Benz","CLA 250","2016","69500","93330","petrol","Automatic","Dubai","2026-04-22","Dealer","Available"
"CAR-0259","Mercedez-Benz","Sportage","2016","34500","212020","Diesel","Automatic","Sharjah","2025-01-04","Individual","Available"
"CAR-0823","Hyundai","Tucson","2021","57500","25000","Diesel","Manual","Ajman","2025-09-23","Dealer","Available"
"CAR-0665","Lexus","ES 300h","2023","-15000","107782","Hybrid","Automatic","Dubai","2026-09-04","Dealer","Available"
"CAR-0877","Toyota","Camry","2021","56000","228735","Diesel","Manual","Ajman","2025-08-14","Dealer","Available"
"CAR-0693","Hyundai","Tucson","2015","35500","1500000","Petrol","Manual","Ajman","2025-05-30","Dealer","Available"
"CAR-0470","Mercedes-Benz","CLA 250","2017","73000","203,855 km","Petrol","Manual","Sharjah","2025-10-26","Individual","Available"
"CAR-0527","Lexus","ES 300h","202O","93000","147212","Hybrid","Manual","Dubai","2026-03-03","Individual","Available"
"CAR-0413","Toyota","Camry","2023","67,000","25020","Petrol","Manual","Sharjah","2026-02-23","Individual","Available"
"CAR-0702","Hyundai","Tucson","2020","55000","24123","Diesel","Automatic","Abu Dhabi","2026-02-05","Dealer","Available"
"CAR-0899","Hyundai","Tucson","2014","27500","78926","Petrol","Manual","Ajman","2026-04-02","Dealer","Available"
"CAR-0117","Nissan","  Altima ","2019","39500","114490","Petrol","Automatic","Sharjah","2025-07-09","Dealer","Available"
"CAR-0842","Lexus","ES 300h","2022","105000","202618","Hybrid","Manual","Abu Dhabi","2025-07-25","Individual","Available"
"CAR-0654","Toyota","Corolla","2013","0","79281","Petrol","Manual","Sharjah","2026-06-13","Individual","Available"
